name,category_guess,define_style,forced_by_undef,first_line,last_line,redef_count,reader_files,reader_refs,top_files,move_hint
M1_POLE_PAIRS,nameplate,bare,0,16,16,1,6,14,"motor/motor_current.c:7,motor/ident/ld_lq_ident.c:3,motor/motor_foc_loop.c:1,motor/observer/obs_cfg.h:1,debug/app_uart_dma_debug.c:1",A_motor_cfg
M1_ADC_VREF_V,board_hw,bare,0,19,19,1,0,0,,board_desc_or_keep_macro
M1_ADC_SHUNT_OHM,board_hw,bare,0,22,22,1,0,0,,board_desc_or_keep_macro
M1_ADC_AMP_GAIN,board_hw,bare,0,25,25,1,0,0,,board_desc_or_keep_macro
M1_ADC_SCALE_A_LSB,board_hw,bare,0,28,28,1,1,3,config/bsp_axes.c:3,board_desc_or_keep_macro
M1_ADC_GAIN_CH0,board_hw,ifndef_default,0,32,32,1,1,1,config/bsp_axes.c:1,board_desc_or_keep_macro
M1_ADC_GAIN_CH1,board_hw,ifndef_default,0,35,35,1,1,1,config/bsp_axes.c:1,board_desc_or_keep_macro
M1_ADC_GAIN_CH2,board_hw,ifndef_default,0,38,38,1,1,1,config/bsp_axes.c:1,board_desc_or_keep_macro
M1_RS_OHM,nameplate,bare,0,42,42,1,9,14,"motor/deadband/deadband_id_cal.c:4,motor/motor_foc_loop.c:3,motor/telem_lut_dump.c:1,motor/deadband/deadband_cal.c:1,motor/deadband/deadband_id_cal.h:1",A_motor_cfg
M1_LD_H,nameplate,bare,0,43,43,1,2,2,"motor/motor_foc_loop.c:1,motor/observer/obs_cfg.h:1",A_motor_cfg
M1_LQ_H,nameplate,bare,0,44,44,1,2,2,"motor/motor_foc_loop.c:1,motor/observer/obs_cfg.h:1",A_motor_cfg
M1_CTRL_TS_S,board_hw,bare,0,47,47,1,9,33,"motor/motor_current.c:9,motor/motor_if.c:5,motor/motor_open_sweep.c:5,motor/motor_startup.c:4,motor/ident/ld_lq_ident.c:4",board_desc_or_keep_macro
M1_PLL_ENABLE,capability,undef_force,1,59,1994,5,7,32,"motor/motor_current.c:20,debug/app_uart_dma_debug.c:4,config/profiles/m1_hfi_standstill.profile.h:2,config/profiles/m1_sensed_pos_mit.profile.h:2,config/profiles/m1_sensorless_pos_mit.profile.h:2",keep_macro
M1_PLL_FN_HZ,tune_param,ifndef_default,0,62,62,1,0,0,,B_classify_then_decide
M1_PLL_ZETA,tune_param,ifndef_default,0,65,65,1,0,0,,B_classify_then_decide
M1_PLL_WN_RAD_S,tune_param,ifndef_default,0,68,68,1,0,0,,B_classify_then_decide
M1_PLL_KP,tune_param,ifndef_default,0,71,71,1,1,1,motor/motor_current.c:1,B_classify_then_decide
M1_PLL_KI,tune_param,ifndef_default,0,74,74,1,1,1,motor/motor_current.c:1,B_classify_then_decide
M1_PLL_OMEGA_LIMIT_RAD_S,experiment,ifndef_default,0,77,77,1,1,2,motor/motor_current.c:2,atrb_or_exp_cfg_or_profile
M1_PLL_INTEGRATOR_LIMIT_RAD_S,experiment,ifndef_default,0,80,80,1,1,1,motor/motor_current.c:1,atrb_or_exp_cfg_or_profile
M1_PLL_THETA_PARK_ENABLE,capability,ifndef_default,0,83,83,1,1,1,motor/motor_current.c:1,keep_macro
M1_VOFA_PLL_CH8_11,experiment,undef_force,1,87,1996,4,6,11,"config/profiles/m1_flux_id_1000rpm.profile.h:2,config/profiles/m1_obs_veq_1000rpm.profile.h:2,config/profiles/m1_sensed_pos_mit.profile.h:2,config/profiles/m1_sensorless_pos_mit.profile.h:2,config/profiles/m1_speed_1000rpm.profile.h:2",atrb_or_exp_cfg_or_profile
M1_DB_BRINGUP_SPEED_OFF,experiment,bare,0,102,102,1,0,0,,atrb_or_exp_cfg_or_profile
M1_DB_BRINGUP_PASS0,experiment,bare,0,103,103,1,0,0,,atrb_or_exp_cfg_or_profile
M1_DB_BRINGUP_SPEED_LUT,experiment,bare,0,104,104,1,0,0,,atrb_or_exp_cfg_or_profile
M1_DB_BRINGUP_ONE_SHOT,experiment,bare,0,106,106,1,0,0,,atrb_or_exp_cfg_or_profile
M1_DB_BRINGUP_SPEED_IDENT,experiment,bare,0,108,108,1,0,0,,atrb_or_exp_cfg_or_profile
M1_DEADBAND_BRINGUP_PHASE,experiment,ifndef_default,0,110,110,1,0,0,,atrb_or_exp_cfg_or_profile
M1_DEADBAND_FLOW_ONE_SHOT,other,bare,0,113,115,2,4,11,"motor/deadband/deadband_flow.c:8,motor/motor_current.c:1,motor/motor_foc_loop.c:1,motor/deadband/deadband_flow.h:1",B_classify_then_decide
M1_BRINGUP_MODE_NORMAL,profile_select,bare,0,119,119,1,1,3,motor/deadband/deadband_service.c:3,keep_bringup_active
M1_BRINGUP_MODE_IDENT_IQ_STEP,profile_select,bare,0,120,120,1,0,0,,keep_bringup_active
M1_BRINGUP_MODE_ID_CAL_DUAL_FULL,profile_select,bare,0,121,121,1,0,0,,keep_bringup_active
M1_BRINGUP_MODE_ID_CAL_PASS0_ONLY,profile_select,bare,0,122,122,1,0,0,,keep_bringup_active
M1_BRINGUP_MODE_MULTI_ANGLE_PASS0,profile_select,bare,0,123,123,1,0,0,,keep_bringup_active
M1_BRINGUP_MODE_ID_CAL_PASS0_RS,profile_select,bare,0,124,124,1,0,0,,keep_bringup_active
M1_BRINGUP_MODE_IQ_PROBE_OFF_ONLY,profile_select,bare,0,125,125,1,0,0,,keep_bringup_active
M1_BRINGUP_MODE_ID_CAL_PASS0_BUILD,profile_select,bare,0,126,126,1,0,0,,keep_bringup_active
M1_BRINGUP_MODE_SPEED_IDENT,profile_select,bare,0,127,127,1,1,1,config/bringup_active.h:1,keep_bringup_active
M1_BRINGUP_MODE_BODE_OFF_ONLY,profile_select,bare,0,128,128,1,1,1,motor/ident/ident_module.c:1,keep_bringup_active
M1_BRINGUP_MODE_RS_LD_LQ_ONLY,profile_select,bare,0,129,129,1,0,0,,keep_bringup_active
M1_BRINGUP_MODE_BODE_ID_OFF_ONLY,profile_select,bare,0,130,130,1,1,1,motor/ident/ident_module.c:1,keep_bringup_active
M1_BRINGUP_MODE_OPEN_UD_LUT_VERIFY,profile_select,bare,0,132,132,1,0,0,,keep_bringup_active
M1_USE_FLUX_ID_PROFILE,profile_select,ifndef_default,0,141,141,1,1,2,config/bringup_active.h:2,keep_bringup_active
M1_USE_OBS_VEQ_PROFILE,profile_select,ifndef_default,0,144,144,1,1,2,config/bringup_active.h:2,keep_bringup_active
M1_USE_SPEED_1000_PROFILE,profile_select,ifndef_default,0,147,147,1,1,2,config/bringup_active.h:2,keep_bringup_active
M1_USE_IF_100_PROFILE,profile_select,ifndef_default,0,150,150,1,1,2,config/bringup_active.h:2,keep_bringup_active
M1_USE_HFI_STANDSTILL_PROFILE,profile_select,ifndef_default,0,153,153,1,1,3,config/bringup_active.h:3,keep_bringup_active
M1_USE_SENSED_POS_MIT_PROFILE,profile_select,ifndef_default,0,156,156,1,2,4,"config/bringup_active.h:3,config/profiles/m1_sensed_pos_mit.profile.h:1",keep_bringup_active
M1_USE_SENSORLESS_POS_MIT_PROFILE,profile_select,ifndef_default,0,159,159,1,2,4,"config/bringup_active.h:3,config/profiles/m1_sensorless_pos_mit.profile.h:1",keep_bringup_active
M1_HFI_GATE,experiment,ifndef_default,0,162,162,1,4,14,"config/profiles/m1_hfi_standstill.profile.h:6,config/profiles/m1_sensorless_pos_mit.profile.h:4,motor/observer/hfi_sqwave.c:2,config/bringup_active.h:2",atrb_or_exp_cfg_or_profile
M1_OUTER_EXPT_NONE,experiment,bare,0,171,171,1,0,0,,atrb_or_exp_cfg_or_profile
M1_OUTER_EXPT_SPEED300,experiment,bare,0,172,172,1,0,0,,atrb_or_exp_cfg_or_profile
M1_OUTER_EXPT_POS_STEP,experiment,bare,0,173,173,1,3,4,"motor/motor_outer_loop.c:2,motor/motor_current.c:1,motor/motor_outer_loop.h:1",atrb_or_exp_cfg_or_profile
M1_OUTER_EXPT_POS_REV,experiment,bare,0,174,174,1,3,6,"motor/motor_outer_loop.c:4,motor/motor_current.c:1,motor/motor_outer_loop.h:1",atrb_or_exp_cfg_or_profile
M1_OUTER_EXPT_MIT_HOLD,experiment,bare,0,175,175,1,3,8,"motor/motor_outer_loop.c:6,motor/motor_current.c:1,motor/motor_outer_loop.h:1",atrb_or_exp_cfg_or_profile
M1_OUTER_EXPT_MIT_REV,experiment,bare,0,176,176,1,3,7,"motor/motor_outer_loop.c:5,motor/motor_current.c:1,motor/motor_outer_loop.h:1",atrb_or_exp_cfg_or_profile
M1_OUTER_EXPT,experiment,ifndef_default,0,178,178,1,5,35,"motor/motor_outer_loop.c:17,motor/motor_current.c:8,motor/motor_outer_loop.h:5,config/profiles/m1_sensed_pos_mit.profile.h:3,config/profiles/m1_sensorless_pos_mit.profile.h:2",atrb_or_exp_cfg_or_profile
M1_OUTER_NEST_ENABLE,capability,ifndef_default,0,181,181,1,5,20,"motor/motor_outer_loop.c:8,motor/motor_current.c:6,motor/motor_outer_loop.h:2,config/profiles/m1_sensed_pos_mit.profile.h:2,config/profiles/m1_sensorless_pos_mit.profile.h:2",keep_macro
M1_MIT_KP_SCALE,experiment,ifndef_default,0,185,185,1,3,5,"config/profiles/m1_sensed_pos_mit.profile.h:2,config/profiles/m1_sensorless_pos_mit.profile.h:2,motor/motor_outer_loop.c:1",atrb_or_exp_cfg_or_profile
M1_MIT_KD_RPM,experiment,ifndef_default,0,189,189,1,3,5,"config/profiles/m1_sensed_pos_mit.profile.h:2,config/profiles/m1_sensorless_pos_mit.profile.h:2,motor/motor_outer_loop.c:1",atrb_or_exp_cfg_or_profile
M1_OUTER_EXPT_SIGNOFF,experiment,bare,0,195,195,1,4,7,"motor/motor_current.c:4,motor/motor_outer_loop.h:1,config/profiles/m1_sensed_pos_mit.profile.h:1,config/profiles/m1_sensorless_pos_mit.profile.h:1",atrb_or_exp_cfg_or_profile
M1_OUTER_VEL_LIMIT_TOLERANCE,experiment,ifndef_default,0,199,199,1,2,3,"config/profiles/m1_sensorless_pos_mit.profile.h:2,motor/motor_outer_loop.c:1",atrb_or_exp_cfg_or_profile
M1_OUTER_OVERSPEED_GUARD_ENABLE,capability,ifndef_default,0,203,203,1,2,3,"config/profiles/m1_sensorless_pos_mit.profile.h:2,motor/motor_outer_loop.c:1",keep_macro
M1_OUTER_TRAJ_VMAX_RPM,tune_param,ifndef_default,0,208,208,1,2,3,"config/profiles/m1_sensorless_pos_mit.profile.h:2,motor/motor_outer_loop.c:1",B_classify_then_decide
M1_OUTER_TRAJ_AMAX_RAD_S2,tune_param,ifndef_default,0,212,212,1,2,3,"config/profiles/m1_sensorless_pos_mit.profile.h:2,motor/motor_outer_loop.c:1",B_classify_then_decide
M1_OUTER_TRAJ_DMAX_RAD_S2,tune_param,ifndef_default,0,215,215,1,1,1,motor/motor_outer_loop.c:1,B_classify_then_decide
M1_MIT_KI_DISABLE,experiment,ifndef_default,0,220,220,1,3,5,"config/profiles/m1_sensed_pos_mit.profile.h:2,config/profiles/m1_sensorless_pos_mit.profile.h:2,motor/motor_outer_loop.c:1",atrb_or_exp_cfg_or_profile
M1_FRIC_FF_ENABLE,capability,ifndef_default,0,227,227,1,4,9,"motor/motor_outer_loop.c:4,config/profiles/m1_sensed_pos_mit.profile.h:2,config/profiles/m1_sensorless_pos_mit.profile.h:2,motor/motor_current.c:1",keep_macro
M1_FRIC_FF_A,experiment,ifndef_default,0,231,231,1,3,6,"motor/motor_outer_loop.c:2,config/profiles/m1_sensed_pos_mit.profile.h:2,config/profiles/m1_sensorless_pos_mit.profile.h:2",atrb_or_exp_cfg_or_profile
M1_FRIC_FF_SAT_RAD,experiment,ifndef_default,0,238,238,1,3,6,"motor/motor_outer_loop.c:2,config/profiles/m1_sensed_pos_mit.profile.h:2,config/profiles/m1_sensorless_pos_mit.profile.h:2",atrb_or_exp_cfg_or_profile
M1_OUTER_SIGNOFF_PACK1,experiment,ifndef_default,0,242,242,1,3,9,"motor/motor_outer_loop.c:5,config/profiles/m1_sensed_pos_mit.profile.h:2,config/profiles/m1_sensorless_pos_mit.profile.h:2",atrb_or_exp_cfg_or_profile
M1_OUTER_SIGNOFF_PACK2,experiment,ifndef_default,0,246,246,1,3,12,"motor/motor_outer_loop.c:8,config/profiles/m1_sensed_pos_mit.profile.h:2,config/profiles/m1_sensorless_pos_mit.profile.h:2",atrb_or_exp_cfg_or_profile
M1_FRIC_MAP_N,other,ifndef_default,0,250,250,1,1,9,motor/motor_outer_loop.c:9,B_classify_then_decide
M1_FRIC_MAP_DWELL_S,other,ifndef_default,0,254,254,1,1,1,motor/motor_outer_loop.c:1,B_classify_then_decide
M1_FRIC_MAP_SAMP_S,other,ifndef_default,0,258,258,1,1,1,motor/motor_outer_loop.c:1,B_classify_then_decide
M1_OUTER_THETA_FB_SRC,other,ifndef_default,0,266,266,1,4,16,"motor/motor_current.c:7,motor/motor_outer_loop.c:5,config/profiles/m1_sensed_pos_mit.profile.h:2,config/profiles/m1_sensorless_pos_mit.profile.h:2",B_classify_then_decide
M1_VOFA_SIGNOFF_CH,experiment,ifndef_default,0,271,271,1,3,5,"config/profiles/m1_sensed_pos_mit.profile.h:2,config/profiles/m1_sensorless_pos_mit.profile.h:2,debug/app_uart_dma_debug.c:1",atrb_or_exp_cfg_or_profile
M1_HFI_ENABLE,capability,ifndef_default,0,275,275,1,10,48,"motor/motor_current.c:19,motor/observer/obs_angle.c:6,motor/observer/observer_composite.c:5,motor/observer/obs_inj.c:5,debug/app_uart_dma_debug.c:4",keep_macro
M1_HFI_PARK_ENABLE,capability,ifndef_default,0,279,279,1,4,8,"motor/observer/hfi_sqwave.c:2,config/profiles/m1_hfi_standstill.profile.h:2,config/profiles/m1_sensed_pos_mit.profile.h:2,config/profiles/m1_sensorless_pos_mit.profile.h:2",keep_macro
M1_HFI_MOTION_BYPASS_ENABLE,capability,ifndef_default,0,283,283,1,6,16,"motor/motor_current.c:7,motor/observer/hfi_sqwave.c:2,config/profiles/m1_hfi_standstill.profile.h:2,config/profiles/m1_sensed_pos_mit.profile.h:2,config/profiles/m1_sensorless_pos_mit.profile.h:2",keep_macro
M1_HFI_SPEED_FB_ENABLE,capability,ifndef_default,0,287,287,1,4,9,"config/profiles/m1_hfi_standstill.profile.h:4,config/profiles/m1_sensed_pos_mit.profile.h:2,config/profiles/m1_sensorless_pos_mit.profile.h:2,motor/motor_current.c:1",keep_macro
M1_HFI_OMEGA_FF_SRC,other,ifndef_default,0,290,290,1,3,6,"motor/observer/hfi_sqwave.c:2,config/profiles/m1_hfi_standstill.profile.h:2,config/profiles/m1_sensorless_pos_mit.profile.h:2",B_classify_then_decide
M1_VOFA_HFI_12CH,experiment,ifndef_default,0,293,293,1,3,7,"debug/app_uart_dma_debug.c:3,config/profiles/m1_hfi_standstill.profile.h:2,config/profiles/m1_sensorless_pos_mit.profile.h:2",atrb_or_exp_cfg_or_profile
M1_EMF_VEQ_ENABLE,capability,ifndef_default,0,296,296,1,8,24,"motor/motor_current.c:7,motor/observer/emf_veq.c:5,config/profiles/m1_hfi_standstill.profile.h:2,config/profiles/m1_if_100rpm.profile.h:2,config/profiles/m1_obs_veq_1000rpm.profile.h:2",keep_macro
M1_EMF_SMO_ENABLE,capability,ifndef_default,0,299,299,1,11,33,"motor/motor_current.c:9,motor/observer/emf_smo.c:6,config/profiles/m1_hfi_standstill.profile.h:4,motor/observer/emf_pll.c:2,config/profiles/m1_if_100rpm.profile.h:2",keep_macro
M1_EMF_PLL_ENABLE,capability,ifndef_default,0,302,302,1,9,32,"motor/motor_current.c:12,motor/observer/emf_pll.c:5,config/profiles/m1_hfi_standstill.profile.h:4,config/profiles/m1_if_100rpm.profile.h:2,config/profiles/m1_sensed_pos_mit.profile.h:2",keep_macro
M1_EMF_SMO_LPF_SCHED_ENABLE,capability,ifndef_default,0,305,305,1,5,16,"motor/observer/emf_smo.c:8,config/profiles/m1_hfi_standstill.profile.h:2,config/profiles/m1_if_100rpm.profile.h:2,config/profiles/m1_sensorless_pos_mit.profile.h:2,config/profiles/m1_speed_1000rpm.profile.h:2",keep_macro
M1_EMF_SMO_LPF_LINEAR_ENABLE,capability,ifndef_default,0,308,308,1,5,17,"motor/observer/emf_smo.c:9,config/profiles/m1_hfi_standstill.profile.h:2,config/profiles/m1_if_100rpm.profile.h:2,config/profiles/m1_sensorless_pos_mit.profile.h:2,config/profiles/m1_speed_1000rpm.profile.h:2",keep_macro
M1_EMF_LPF_PHASE_FF_ENABLE,capability,ifndef_default,0,311,311,1,5,12,"motor/observer/emf_pll.c:4,config/profiles/m1_hfi_standstill.profile.h:2,config/profiles/m1_if_100rpm.profile.h:2,config/profiles/m1_sensorless_pos_mit.profile.h:2,config/profiles/m1_speed_1000rpm.profile.h:2",keep_macro
M1_OBS_SOFT_SWITCH_ENABLE,capability,ifndef_default,0,314,314,1,8,25,"motor/motor_current.c:7,motor/observer/obs_soft_switch.c:5,debug/app_uart_dma_debug.c:3,config/profiles/m1_hfi_standstill.profile.h:2,config/profiles/m1_if_100rpm.profile.h:2",keep_macro
M1_OBS_SS_SPEED_SWITCH_ENABLE,capability,ifndef_default,0,317,317,1,4,13,"motor/observer/obs_soft_switch.c:7,motor/motor_current.c:2,config/profiles/m1_if_100rpm.profile.h:2,config/profiles/m1_speed_1000rpm.profile.h:2",keep_macro
M1_OBS_SS_SPD_DEFER_ENABLE,capability,ifndef_default,0,321,321,1,2,9,"motor/observer/obs_soft_switch.c:7,config/profiles/m1_if_100rpm.profile.h:2",keep_macro
M1_OBS_SS_SPD_DWELL_S,capability,ifndef_default,0,324,324,1,2,5,"motor/observer/obs_soft_switch.c:3,config/profiles/m1_if_100rpm.profile.h:2",keep_macro
M1_OBS_SS_SPD_HOLD_S,capability,ifndef_default,0,327,327,1,2,5,"motor/observer/obs_soft_switch.c:3,config/profiles/m1_if_100rpm.profile.h:2",keep_macro
M1_OBS_SS_SPD_RPM_ERR_FRAC,capability,ifndef_default,0,330,330,1,2,5,"motor/observer/obs_soft_switch.c:3,config/profiles/m1_if_100rpm.profile.h:2",keep_macro
M1_OBS_SS_SPD_ERR_RAD,capability,ifndef_default,0,333,333,1,1,3,motor/observer/obs_soft_switch.c:3,keep_macro
M1_OBS_SS_SPD_DOMEGA_MAX,capability,ifndef_default,0,336,336,1,2,5,"motor/observer/obs_soft_switch.c:3,config/profiles/m1_if_100rpm.profile.h:2",keep_macro
M1_OBS_SS_SPD_DOMEGA_WIN_S,capability,ifndef_default,0,339,339,1,2,5,"motor/observer/obs_soft_switch.c:3,config/profiles/m1_if_100rpm.profile.h:2",keep_macro
M1_OBS_SS_SPD_ENC_MATCH_ENABLE,capability,ifndef_default,0,342,342,1,2,5,"motor/observer/obs_soft_switch.c:3,config/profiles/m1_if_100rpm.profile.h:2",keep_macro
M1_OBS_SS_SPD_ENC_MATCH_RPM,capability,ifndef_default,0,345,345,1,1,3,motor/observer/obs_soft_switch.c:3,keep_macro
M1_OBS_SS_SPD_REQUIRE_EMAG,capability,ifndef_default,0,348,348,1,1,3,motor/observer/obs_soft_switch.c:3,keep_macro
M1_OBS_SS_SPD_REQUIRE_ERR,capability,ifndef_default,0,351,351,1,1,3,motor/observer/obs_soft_switch.c:3,keep_macro
M1_OBS_SS_FALLBACK_ON_ERR_ENABLE,capability,ifndef_default,0,354,354,1,3,7,"motor/observer/obs_soft_switch.c:3,config/profiles/m1_if_100rpm.profile.h:2,config/profiles/m1_speed_1000rpm.profile.h:2",keep_macro
M1_OBS_SS_FALLBACK_ENABLE,capability,ifndef_default,0,357,357,1,2,5,"motor/observer/obs_soft_switch.c:3,config/profiles/m1_if_100rpm.profile.h:2",keep_macro
M1_OBS_SPD_PLL_ENABLE,capability,ifndef_default,0,360,360,1,6,17,"motor/motor_current.c:8,config/profiles/m1_if_100rpm.profile.h:2,config/profiles/m1_sensed_pos_mit.profile.h:2,config/profiles/m1_sensorless_pos_mit.profile.h:2,config/profiles/m1_speed_1000rpm.profile.h:2",keep_macro
M1_OBS_SPD_PLL_FN_HZ,capability,ifndef_default,0,363,363,1,3,5,"config/profiles/m1_if_100rpm.profile.h:2,config/profiles/m1_speed_1000rpm.profile.h:2,motor/motor_current.c:1",keep_macro
M1_OBS_SPD_PLL_ZETA,capability,ifndef_default,0,366,366,1,3,5,"config/profiles/m1_if_100rpm.profile.h:2,config/profiles/m1_speed_1000rpm.profile.h:2,motor/motor_current.c:1",keep_macro
M1_OBS_SPD_FB_LPF_HZ,capability,ifndef_default,0,369,369,1,3,7,"motor/motor_current.c:3,config/profiles/m1_if_100rpm.profile.h:2,config/profiles/m1_speed_1000rpm.profile.h:2",keep_macro
M1_VOFA_OBS_VEQ_12CH,experiment,ifndef_default,0,372,372,1,5,11,"debug/app_uart_dma_debug.c:3,config/profiles/m1_hfi_standstill.profile.h:2,config/profiles/m1_if_100rpm.profile.h:2,config/profiles/m1_obs_veq_1000rpm.profile.h:2,config/profiles/m1_speed_1000rpm.profile.h:2",atrb_or_exp_cfg_or_profile
M1_VOFA_OBS_SMO_12CH,experiment,ifndef_default,0,375,375,1,5,11,"debug/app_uart_dma_debug.c:3,config/profiles/m1_hfi_standstill.profile.h:2,config/profiles/m1_if_100rpm.profile.h:2,config/profiles/m1_obs_veq_1000rpm.profile.h:2,config/profiles/m1_speed_1000rpm.profile.h:2",atrb_or_exp_cfg_or_profile
M1_VOFA_OBS_PLL_12CH,experiment,ifndef_default,0,378,378,1,4,9,"debug/app_uart_dma_debug.c:3,config/profiles/m1_hfi_standstill.profile.h:2,config/profiles/m1_if_100rpm.profile.h:2,config/profiles/m1_speed_1000rpm.profile.h:2",atrb_or_exp_cfg_or_profile
M1_VOFA_OBS_SMO_RAW_12CH,experiment,ifndef_default,0,381,381,1,2,5,"debug/app_uart_dma_debug.c:3,config/profiles/m1_speed_1000rpm.profile.h:2",atrb_or_exp_cfg_or_profile
M1_EMF_PLL_USE_SMO,capability,ifndef_default,0,395,397,2,6,10,"config/profiles/m1_hfi_standstill.profile.h:2,config/profiles/m1_if_100rpm.profile.h:2,config/profiles/m1_sensorless_pos_mit.profile.h:2,config/profiles/m1_speed_1000rpm.profile.h:2,motor/motor_current.c:1",keep_macro
M1_SPEED_OMEGA_RAMP_ENABLE,capability,undef_force,1,409,644,4,5,20,"motor/motor_outer_loop.c:12,config/profiles/m1_hfi_standstill.profile.h:2,config/profiles/m1_if_100rpm.profile.h:2,config/profiles/m1_sensed_pos_mit.profile.h:2,config/profiles/m1_sensorless_pos_mit.profile.h:2",keep_macro
M1_SPEED_OMEGA_RAMP_RPM_S,tune_param,undef_force,1,412,646,3,2,3,"config/profiles/m1_if_100rpm.profile.h:2,motor/motor_outer_loop.c:1",B_classify_then_decide
M1_SPEED_LOOP_ENABLE,capability,ifndef_default,0,420,1654,8,10,30,"motor/motor_current.c:7,motor/deadband/deadband_flow.c:6,motor/motor_foc_loop.c:3,motor/motor_outer_loop.c:3,debug/app_uart_dma_debug.c:3",keep_macro
M1_SPEED_DECIM,other,ifndef_default,0,438,438,1,2,5,"motor/motor_current.c:4,motor/motor_outer_loop.h:1",B_classify_then_decide
M1_SPEED_TS_S,tune_param,bare,0,440,440,1,3,19,"motor/motor_outer_loop.c:16,motor/speed_ident/speed_ident_module.c:2,motor/motor_current.c:1",B_classify_then_decide
M1_SPEED_PI_FN_HZ,tune_param,ifndef_default,0,442,442,1,0,0,,B_classify_then_decide
M1_SPEED_PI_ZETA,tune_param,ifndef_default,0,445,445,1,0,0,,B_classify_then_decide
M1_SPEED_PI_WN_RAD_S,tune_param,bare,0,447,447,1,0,0,,B_classify_then_decide
M1_SPEED_PI_KP,tune_param,ifndef_default,0,449,449,1,5,9,"config/profiles/m1_hfi_standstill.profile.h:2,config/profiles/m1_if_100rpm.profile.h:2,config/profiles/m1_sensed_pos_mit.profile.h:2,config/profiles/m1_sensorless_pos_mit.profile.h:2,motor/motor_outer_loop.c:1",B_classify_then_decide
M1_SPEED_PI_KI,tune_param,ifndef_default,0,453,455,2,6,11,"config/profiles/m1_hfi_standstill.profile.h:2,config/profiles/m1_if_100rpm.profile.h:2,config/profiles/m1_sensed_pos_mit.profile.h:2,config/profiles/m1_sensorless_pos_mit.profile.h:2,config/profiles/m1_speed_1000rpm.profile.h:2",B_classify_then_decide
M1_SPEED_PI_BETA,other,ifndef_default,0,461,463,2,4,12,"motor/motor_outer_loop.c:6,config/profiles/m1_hfi_standstill.profile.h:2,config/profiles/m1_sensed_pos_mit.profile.h:2,config/profiles/m1_sensorless_pos_mit.profile.h:2",B_classify_then_decide
M1_SPEED_IQ_SLEW_ENABLE,capability,ifndef_default,0,477,477,1,2,8,"motor/motor_outer_loop.c:6,config/profiles/m1_if_100rpm.profile.h:2",keep_macro
M1_SPEED_IQ_SLEW_A_PER_S,other,ifndef_default,0,480,480,1,2,3,"config/profiles/m1_if_100rpm.profile.h:2,motor/motor_outer_loop.c:1",B_classify_then_decide
M1_FOC_ROTATION_FF_ENABLE,capability,ifndef_default,0,483,725,2,2,2,"motor/motor_current.c:1,motor/motor_foc_loop.c:1",keep_macro
M1_SPEED_REF_RPM_DEFAULT,tune_param,ifndef_default,0,486,486,1,2,4,"motor/motor_current.c:2,config/profiles/m1_sensed_pos_mit.profile.h:2",B_classify_then_decide
M1_SPEED_LOOP_BOOT,capability,ifndef_default,0,489,489,1,4,13,"motor/motor_current.c:7,config/profiles/m1_hfi_standstill.profile.h:2,config/profiles/m1_sensed_pos_mit.profile.h:2,config/profiles/m1_sensorless_pos_mit.profile.h:2",keep_macro
M1_VOFA_SPEED_CH8_11,experiment,undef_force,1,492,1828,2,6,11,"config/profiles/m1_flux_id_1000rpm.profile.h:2,config/profiles/m1_obs_veq_1000rpm.profile.h:2,config/profiles/m1_sensed_pos_mit.profile.h:2,config/profiles/m1_sensorless_pos_mit.profile.h:2,config/profiles/m1_speed_1000rpm.profile.h:2",atrb_or_exp_cfg_or_profile
M1_POS_LOOP_ENABLE,capability,ifndef_default,0,497,497,1,4,20,"motor/motor_outer_loop.c:14,motor/motor_current.c:2,config/profiles/m1_sensed_pos_mit.profile.h:2,config/profiles/m1_sensorless_pos_mit.profile.h:2",keep_macro
M1_POS_KP_RPM_PER_RAD,tune_param,undef_force,1,502,596,2,3,8,"motor/motor_outer_loop.c:4,config/profiles/m1_sensed_pos_mit.profile.h:2,config/profiles/m1_sensorless_pos_mit.profile.h:2",B_classify_then_decide
M1_POS_OMEGA_MAX_RPM,tune_param,undef_force,1,505,598,2,3,9,"motor/motor_outer_loop.c:5,config/profiles/m1_sensed_pos_mit.profile.h:2,config/profiles/m1_sensorless_pos_mit.profile.h:2",B_classify_then_decide
M1_POS_ERR_HYST_ENABLE,capability,ifndef_default,0,509,509,1,3,14,"motor/motor_outer_loop.c:10,config/profiles/m1_sensed_pos_mit.profile.h:2,config/profiles/m1_sensorless_pos_mit.profile.h:2",keep_macro
M1_POS_ERR_HYST_ENTER_RAD,tune_param,ifndef_default,0,513,513,1,1,1,motor/motor_outer_loop.c:1,B_classify_then_decide
M1_POS_ERR_HYST_EXIT_RAD,tune_param,ifndef_default,0,516,516,1,1,1,motor/motor_outer_loop.c:1,B_classify_then_decide
M1_POS_ERR_HYST_FREEZE_SPEED_PI,other,ifndef_default,0,519,519,1,1,2,motor/motor_outer_loop.c:2,B_classify_then_decide
M1_POS_DECIM,other,ifndef_default,0,524,524,1,4,16,"motor/motor_outer_loop.c:11,config/profiles/m1_sensed_pos_mit.profile.h:2,config/profiles/m1_sensorless_pos_mit.profile.h:2,motor/motor_outer_loop.h:1",B_classify_then_decide
M1_POS_TS_S,tune_param,bare,0,529,529,1,0,0,,B_classify_then_decide
M1_POS_LOOP_BOOT,capability,ifndef_default,0,532,532,1,3,5,"config/profiles/m1_sensed_pos_mit.profile.h:2,config/profiles/m1_sensorless_pos_mit.profile.h:2,motor/motor_current.c:1",keep_macro
M1_POS_MIT_COMBO_ENABLE,capability,ifndef_default,0,538,540,2,4,8,"motor/motor_current.c:2,config/profiles/m1_sensed_pos_mit.profile.h:2,config/profiles/m1_sensorless_pos_mit.profile.h:2,debug/app_uart_dma_debug.c:2",keep_macro
M1_POS_MIT_COMBO_POS_ENABLE,capability,ifndef_default,0,546,546,1,1,1,motor/motor_current.c:1,keep_macro
M1_VOFA_MIT_CH8_11,experiment,ifndef_default,0,552,554,2,3,5,"config/profiles/m1_sensed_pos_mit.profile.h:2,config/profiles/m1_sensorless_pos_mit.profile.h:2,debug/app_uart_dma_debug.c:1",atrb_or_exp_cfg_or_profile
M1_POS_STEP_TEST_ENABLE,capability,ifndef_default,0,561,566,3,5,9,"motor/motor_outer_loop.c:3,config/profiles/m1_sensed_pos_mit.profile.h:2,config/profiles/m1_sensorless_pos_mit.profile.h:2,motor/motor_current.c:1,motor/motor_outer_loop.h:1",keep_macro
M1_POS_STEP_HOLD_S,experiment,ifndef_default,0,571,571,1,1,1,motor/motor_outer_loop.c:1,atrb_or_exp_cfg_or_profile
M1_POS_STEP_DWELL_S,experiment,ifndef_default,0,574,574,1,1,1,motor/motor_outer_loop.c:1,atrb_or_exp_cfg_or_profile
M1_POS_STEP_DWELL_WIDE_S,experiment,ifndef_default,0,577,577,1,1,1,motor/motor_outer_loop.c:1,atrb_or_exp_cfg_or_profile
M1_POS_STEP_DWELL_MULT_S,experiment,ifndef_default,0,580,580,1,1,1,motor/motor_outer_loop.c:1,atrb_or_exp_cfg_or_profile
M1_POS_STEP_DWELL_LONG_S,experiment,ifndef_default,0,583,583,1,1,1,motor/motor_outer_loop.c:1,atrb_or_exp_cfg_or_profile
M1_POS_STEP_SEQ_BASE,experiment,ifndef_default,0,586,586,1,1,3,motor/motor_outer_loop.c:3,atrb_or_exp_cfg_or_profile
M1_POS_STEP_KP_RPM_PER_RAD,experiment,ifndef_default,0,590,590,1,0,0,,atrb_or_exp_cfg_or_profile
M1_POS_STEP_OMEGA_MAX_RPM,experiment,ifndef_default,0,593,593,1,0,0,,atrb_or_exp_cfg_or_profile
M1_POS_BOOT_SETTLE_S,other,ifndef_default,0,600,600,1,0,0,,B_classify_then_decide
M1_MIT_STEP_SEQ_BASE,experiment,ifndef_default,0,607,607,1,0,0,,atrb_or_exp_cfg_or_profile
M1_MIT_KP_NM_PER_RAD,experiment,ifndef_default,0,611,611,1,0,0,,atrb_or_exp_cfg_or_profile
M1_MIT_KD_NM_S_PER_RAD,experiment,ifndef_default,0,614,614,1,0,0,,atrb_or_exp_cfg_or_profile
M1_MIT_OMEGA_DES_RAD_S,experiment,ifndef_default,0,617,617,1,0,0,,atrb_or_exp_cfg_or_profile
M1_MIT_TAU_FF_NM,experiment,ifndef_default,0,620,620,1,0,0,,atrb_or_exp_cfg_or_profile
M1_MIT_TAU_ABS_MAX_NM,experiment,ifndef_default,0,624,624,1,0,0,,atrb_or_exp_cfg_or_profile
M1_MIT_IQ_SLEW_A_PER_S,experiment,ifndef_default,0,628,628,1,0,0,,atrb_or_exp_cfg_or_profile
M1_MIT_KT_NM_A,experiment,ifndef_default,0,632,632,1,0,0,,atrb_or_exp_cfg_or_profile
M1_SPEED_DEADBAND_TEST_OFF,other,bare,0,654,654,1,0,0,,B_classify_then_decide
M1_SPEED_DEADBAND_TEST_LUT,other,bare,0,655,655,1,0,0,,B_classify_then_decide
M1_SPEED_DEADBAND_TEST,other,ifndef_default,0,658,660,2,0,0,,B_classify_then_decide
M1_SPEED_LOOP_DEADBAND_OFF,other,bare,0,666,668,2,0,0,,B_classify_then_decide
M1_SPEED_PROFILE_ENABLE,capability,ifndef_default,0,674,1807,5,11,14,"motor/motor_outer_loop.c:3,motor/deadband/deadband_flow.c:2,motor/motor_current.c:1,motor/motor_outer_loop.h:1,config/profiles/m1_flux_id_1000rpm.profile.h:1",keep_macro
M1_SPEED_PROFILE_HOLD_S,other,ifndef_default,0,685,685,1,1,1,motor/motor_outer_loop.c:1,B_classify_then_decide
M1_SPEED_PROFILE_RPM_START,tune_param,ifndef_default,0,688,688,1,1,2,motor/motor_outer_loop.c:2,B_classify_then_decide
M1_SPEED_PROFILE_RPM_STEP,tune_param,ifndef_default,0,691,691,1,1,2,motor/motor_outer_loop.c:2,B_classify_then_decide
M1_SPEED_PROFILE_RPM_END,tune_param,ifndef_default,0,694,694,1,1,1,motor/motor_outer_loop.c:1,B_classify_then_decide
M1_SPEED_PROFILE_REPEAT,other,ifndef_default,0,697,697,1,2,2,"motor/motor_outer_loop.c:1,motor/deadband/deadband_flow.c:1",B_classify_then_decide
M1_SPEED_REVERSAL_TEST_ENABLE,capability,ifndef_default,0,704,708,3,5,10,"motor/motor_outer_loop.c:4,config/profiles/m1_sensed_pos_mit.profile.h:2,config/profiles/m1_sensorless_pos_mit.profile.h:2,motor/motor_current.c:1,motor/motor_outer_loop.h:1",keep_macro
M1_SPEED_REVERSAL_RPM,tune_param,ifndef_default,0,713,713,1,1,3,motor/motor_outer_loop.c:3,B_classify_then_decide
M1_SPEED_REVERSAL_HOLD_S,other,ifndef_default,0,716,716,1,1,1,motor/motor_outer_loop.c:1,B_classify_then_decide
M1_SPEED_REVERSAL_REPEAT,other,ifndef_default,0,719,719,1,1,1,motor/motor_outer_loop.c:1,B_classify_then_decide
M1_TELEM_BRINGUP_K,experiment,undef_force,1,730,1752,4,9,22,"debug/app_uart_dma_debug.c:6,config/profiles/m1_bode_id_fc1000.profile.h:2,config/profiles/m1_flux_id_1000rpm.profile.h:2,config/profiles/m1_hfi_standstill.profile.h:2,config/profiles/m1_if_100rpm.profile.h:2",atrb_or_exp_cfg_or_profile
M1_TELEM_BRINGUP_DECIMATION,experiment,undef_force,1,733,1754,3,9,19,"debug/app_uart_dma_debug.c:3,config/profiles/m1_bode_id_fc1000.profile.h:2,config/profiles/m1_flux_id_1000rpm.profile.h:2,config/profiles/m1_hfi_standstill.profile.h:2,config/profiles/m1_if_100rpm.profile.h:2",atrb_or_exp_cfg_or_profile
M1_VOFA_UNIFIED_12CH,experiment,undef_force,1,751,1750,4,9,17,"config/profiles/m1_bode_id_fc1000.profile.h:2,config/profiles/m1_flux_id_1000rpm.profile.h:2,config/profiles/m1_hfi_standstill.profile.h:2,config/profiles/m1_if_100rpm.profile.h:2,config/profiles/m1_obs_veq_1000rpm.profile.h:2",atrb_or_exp_cfg_or_profile
M1_THETA_NEGATE,experiment,ifndef_default,0,756,756,1,2,3,"config/bringup_bench.h:2,motor/motor_current.c:1",atrb_or_exp_cfg_or_profile
M1_VBUS_V,nameplate,bare,0,760,760,1,2,10,"motor/deadband/deadband.c:6,motor/foc_svpwm.c:4",A_motor_cfg
M1_PI_V_MAX,tune_param,bare,0,761,761,1,1,1,motor/motor_outer_loop.c:1,B_classify_then_decide
M1_PI_V_MIN,tune_param,bare,0,762,762,1,0,0,,B_classify_then_decide
M1_PI_FC_HZ,tune_param,bare,0,765,765,1,1,2,config/profiles/m1_bode_id_fc1000.profile.h:2,B_classify_then_decide
M1_PI_WC_RADS,tune_param,bare,0,766,766,1,0,0,,B_classify_then_decide
M1_PI_USE_FIXED_GAIN,tune_param,ifndef_default,0,770,770,1,0,0,,B_classify_then_decide
M1_PI_KP_ID,tune_param,bare,0,774,778,2,1,5,motor/motor_foc_loop.c:5,B_classify_then_decide
M1_PI_KP_IQ,tune_param,bare,0,775,779,2,1,5,motor/motor_foc_loop.c:5,B_classify_then_decide
M1_PI_KI,tune_param,bare,0,776,784,2,1,10,motor/motor_foc_loop.c:10,B_classify_then_decide
M1_PI_KI_NOMINAL,tune_param,bare,0,780,780,1,0,0,,B_classify_then_decide
M1_PI_KI_SCALE,tune_param,ifndef_default,0,782,782,1,0,0,,B_classify_then_decide
M1_CLOSURE_BRINGUP,experiment,undef_force,1,793,1758,3,7,14,"config/profiles/m1_bode_id_fc1000.profile.h:2,config/profiles/m1_flux_id_1000rpm.profile.h:2,config/profiles/m1_if_100rpm.profile.h:2,config/profiles/m1_obs_veq_1000rpm.profile.h:2,config/profiles/m1_sensed_pos_mit.profile.h:2",atrb_or_exp_cfg_or_profile
M1_PI_V_LIMIT_V,experiment,bare,0,800,803,2,2,4,"motor/motor_foc_loop.c:2,motor/ident/ld_lq_ident.c:2",atrb_or_exp_cfg_or_profile
M1_I_REF_ABS_MAX,tune_param,bare,0,801,809,3,6,25,"motor/motor_startup.c:8,motor/motor_current.c:5,motor/motor_foc_loop.c:4,motor/motor_if.c:4,config/profiles/m1_sensed_pos_mit.profile.h:2",B_classify_then_decide
M1_PI_V_LIMIT_MIN,experiment,bare,0,813,813,1,1,2,motor/motor_foc_loop.c:2,atrb_or_exp_cfg_or_profile
M1_PI_INT_LIMIT_V,experiment,bare,0,816,816,1,1,2,motor/motor_foc_loop.c:2,atrb_or_exp_cfg_or_profile
M1_PI_INT_LIMIT_MIN,experiment,bare,0,817,817,1,1,2,motor/motor_foc_loop.c:2,atrb_or_exp_cfg_or_profile
M1_SPEED_IQ_REF_ABS_MAX,tune_param,ifndef_default,0,825,827,2,4,16,"config/profiles/m1_hfi_standstill.profile.h:6,config/profiles/m1_if_100rpm.profile.h:6,config/profiles/m1_sensed_pos_mit.profile.h:2,config/profiles/m1_sensorless_pos_mit.profile.h:2",B_classify_then_decide
M1_SPEED_PI_OUT_MAX,tune_param,bare,0,830,830,1,6,14,"motor/motor_outer_loop.c:5,config/profiles/m1_hfi_standstill.profile.h:2,config/profiles/m1_if_100rpm.profile.h:2,config/profiles/m1_sensed_pos_mit.profile.h:2,config/profiles/m1_sensorless_pos_mit.profile.h:2",B_classify_then_decide
M1_SPEED_PI_OUT_MIN,tune_param,bare,0,831,831,1,6,14,"motor/motor_outer_loop.c:5,config/profiles/m1_hfi_standstill.profile.h:2,config/profiles/m1_if_100rpm.profile.h:2,config/profiles/m1_sensed_pos_mit.profile.h:2,config/profiles/m1_sensorless_pos_mit.profile.h:2",B_classify_then_decide
M1_SPEED_PI_INT_MAX,tune_param,bare,0,832,832,1,6,11,"motor/motor_outer_loop.c:2,config/profiles/m1_hfi_standstill.profile.h:2,config/profiles/m1_if_100rpm.profile.h:2,config/profiles/m1_sensed_pos_mit.profile.h:2,config/profiles/m1_sensorless_pos_mit.profile.h:2",B_classify_then_decide
M1_SPEED_PI_INT_MIN,tune_param,bare,0,833,833,1,6,11,"motor/motor_outer_loop.c:2,config/profiles/m1_hfi_standstill.profile.h:2,config/profiles/m1_if_100rpm.profile.h:2,config/profiles/m1_sensed_pos_mit.profile.h:2,config/profiles/m1_sensorless_pos_mit.profile.h:2",B_classify_then_decide
M1_IQ_REF_A,tune_param,ifndef_default,0,838,838,1,3,5,"config/profiles/m1_hfi_standstill.profile.h:2,config/profiles/m1_sensorless_pos_mit.profile.h:2,motor/motor_current.c:1",B_classify_then_decide
M1_STARTUP_ENABLE,capability,ifndef_default,0,843,843,1,6,15,"motor/motor_current.c:4,motor/motor_startup.c:3,config/profiles/m1_hfi_standstill.profile.h:2,config/profiles/m1_if_100rpm.profile.h:2,config/profiles/m1_sensed_pos_mit.profile.h:2",keep_macro
M1_IF_ENABLE,capability,ifndef_default,0,846,846,1,8,33,"motor/motor_current.c:18,motor/motor_foc_loop.c:3,motor/motor_if.c:3,config/profiles/m1_hfi_standstill.profile.h:2,config/profiles/m1_if_100rpm.profile.h:2",keep_macro
M1_IF_ALIGN_S,other,ifndef_default,0,849,849,1,2,3,"config/profiles/m1_if_100rpm.profile.h:2,motor/motor_if.c:1",B_classify_then_decide
M1_IF_IQ_A,tune_param,ifndef_default,0,852,852,1,3,7,"motor/motor_current.c:4,config/profiles/m1_if_100rpm.profile.h:2,motor/motor_if.c:1",B_classify_then_decide
M1_IF_ID_A,tune_param,ifndef_default,0,855,855,1,3,10,"motor/motor_current.c:7,config/profiles/m1_if_100rpm.profile.h:2,motor/motor_if.c:1",B_classify_then_decide
M1_IF_TARGET_RPM,tune_param,ifndef_default,0,858,858,1,3,4,"config/profiles/m1_if_100rpm.profile.h:2,motor/motor_current.c:1,motor/motor_if.c:1",B_classify_then_decide
M1_IF_RAMP_S,other,ifndef_default,0,861,861,1,2,3,"config/profiles/m1_if_100rpm.profile.h:2,motor/motor_if.c:1",B_classify_then_decide
M1_IF_HOLD_S,other,ifndef_default,0,864,864,1,2,3,"config/profiles/m1_if_100rpm.profile.h:2,motor/motor_if.c:1",B_classify_then_decide
M1_IF_IQ_MID_BOOST_ENABLE,capability,ifndef_default,0,868,868,1,2,3,"config/profiles/m1_if_100rpm.profile.h:2,motor/motor_if.c:1",keep_macro
M1_IF_IQ_MID_A,tune_param,ifndef_default,0,871,871,1,2,3,"config/profiles/m1_if_100rpm.profile.h:2,motor/motor_if.c:1",B_classify_then_decide
M1_IF_IQ_MID_RPM_LO,tune_param,ifndef_default,0,874,874,1,2,3,"config/profiles/m1_if_100rpm.profile.h:2,motor/motor_if.c:1",B_classify_then_decide
M1_IF_IQ_MID_RPM_HI,tune_param,ifndef_default,0,877,877,1,2,3,"config/profiles/m1_if_100rpm.profile.h:2,motor/motor_if.c:1",B_classify_then_decide
M1_IF_TO_OBS_ENABLE,capability,ifndef_default,0,880,880,1,8,37,"motor/motor_current.c:18,motor/motor_if.c:7,motor/observer/obs_soft_switch.c:3,config/profiles/m1_hfi_standstill.profile.h:2,config/profiles/m1_if_100rpm.profile.h:2",keep_macro
M1_ENC_OPTIONAL_ENABLE,capability,ifndef_default,0,887,887,1,8,30,"motor/motor_current.c:9,motor/motor_if.c:7,motor/observer/hfi_sqwave.c:5,config/profiles/m1_hfi_standstill.profile.h:2,config/profiles/m1_if_100rpm.profile.h:2",keep_macro
M1_IF_OBS_SPEED_REF_RPM,tune_param,ifndef_default,0,890,890,1,2,3,"config/profiles/m1_if_100rpm.profile.h:2,motor/motor_current.c:1",B_classify_then_decide
M1_IF_OBS_HOLD_SPEED_ENABLE,capability,ifndef_default,0,894,894,1,2,4,"motor/motor_current.c:2,config/profiles/m1_if_100rpm.profile.h:2",keep_macro
M1_IF_OBS_HOLD_IF_CMD_ENABLE,capability,ifndef_default,0,898,898,1,2,3,"config/profiles/m1_if_100rpm.profile.h:2,motor/motor_current.c:1",keep_macro
M1_IF_OBS_ANGLE_ONLY_ENABLE,capability,ifndef_default,0,902,902,1,2,9,"motor/motor_current.c:7,config/profiles/m1_if_100rpm.profile.h:2",keep_macro
M1_IF_OBS_BLEND_KEEP_IF_IQ,other,ifndef_default,0,906,906,1,2,3,"config/profiles/m1_if_100rpm.profile.h:2,motor/motor_current.c:1",B_classify_then_decide
M1_IF_OBS_BLEND_SPEED_ENABLE,capability,ifndef_default,0,910,910,1,2,8,"motor/motor_current.c:6,config/profiles/m1_if_100rpm.profile.h:2",keep_macro
M1_IF_OBS_EW_CLAMP_ENABLE,capability,ifndef_default,0,914,914,1,4,9,"motor/motor_outer_loop.c:4,motor/motor_current.c:2,config/profiles/m1_if_100rpm.profile.h:2,motor/motor_outer_loop.h:1",keep_macro
M1_IF_OBS_EW_CLAMP_RPM,tune_param,ifndef_default,0,917,917,1,2,3,"config/profiles/m1_if_100rpm.profile.h:2,motor/motor_outer_loop.c:1",B_classify_then_decide
M1_IF_OBS_EW_CLAMP_S,other,ifndef_default,0,920,920,1,2,3,"config/profiles/m1_if_100rpm.profile.h:2,motor/motor_outer_loop.c:1",B_classify_then_decide
M1_IF_OBS_SOFT_BRAKE_ENABLE,capability,ifndef_default,0,927,927,1,4,15,"motor/motor_outer_loop.c:10,motor/motor_current.c:2,config/profiles/m1_if_100rpm.profile.h:2,motor/motor_outer_loop.h:1",keep_macro
M1_IF_OBS_IQ_MIN_A,tune_param,ifndef_default,0,930,930,1,1,2,config/profiles/m1_if_100rpm.profile.h:2,B_classify_then_decide
M1_IF_OBS_SOFT_REGEN_IQ_A,tune_param,ifndef_default,0,933,933,1,2,11,"motor/motor_outer_loop.c:8,config/profiles/m1_if_100rpm.profile.h:3",B_classify_then_decide
M1_IF_OBS_SOFT_BRAKE_S,other,ifndef_default,0,936,936,1,2,3,"config/profiles/m1_if_100rpm.profile.h:2,motor/motor_outer_loop.c:1",B_classify_then_decide
M1_IF_DIR_SIGN,other,ifndef_default,0,943,943,1,1,8,config/profiles/m1_if_100rpm.profile.h:8,B_classify_then_decide
M1_IF_OBS_REVERSE_ENABLE,capability,ifndef_default,0,947,947,1,0,0,,keep_macro
M1_IF_OBS_CRUISE_ENABLE,capability,ifndef_default,0,956,956,1,4,10,"motor/motor_current.c:4,motor/motor_outer_loop.c:3,config/profiles/m1_if_100rpm.profile.h:2,motor/motor_outer_loop.h:1",keep_macro
M1_IF_OBS_CRUISE_SETTLE_S,experiment,ifndef_default,0,959,959,1,2,3,"config/profiles/m1_if_100rpm.profile.h:2,motor/motor_current.c:1",atrb_or_exp_cfg_or_profile
M1_IF_OBS_CRUISE_STAGE1_S,experiment,ifndef_default,0,962,962,1,2,3,"config/profiles/m1_if_100rpm.profile.h:2,motor/motor_outer_loop.c:1",atrb_or_exp_cfg_or_profile
M1_IF_OBS_CRUISE_STAGE2_S,experiment,ifndef_default,0,965,965,1,2,4,"motor/motor_outer_loop.c:2,config/profiles/m1_if_100rpm.profile.h:2",atrb_or_exp_cfg_or_profile
M1_IF_OBS_CRUISE_RPM,experiment,ifndef_default,0,968,968,1,2,6,"motor/motor_outer_loop.c:4,config/profiles/m1_if_100rpm.profile.h:2",atrb_or_exp_cfg_or_profile
M1_IF_OBS_DIR_SEQ_ENABLE,capability,ifndef_default,0,975,975,1,4,13,"motor/motor_outer_loop.c:7,motor/motor_current.c:3,config/profiles/m1_if_100rpm.profile.h:2,motor/motor_outer_loop.h:1",keep_macro
M1_IF_OBS_DIR_SEQ_FWD_HOLD_S,other,ifndef_default,0,978,978,1,2,3,"config/profiles/m1_if_100rpm.profile.h:2,motor/motor_outer_loop.c:1",B_classify_then_decide
M1_IF_OBS_DIR_SEQ_ZERO_RPM,tune_param,ifndef_default,0,981,981,1,2,3,"config/profiles/m1_if_100rpm.profile.h:2,motor/motor_outer_loop.c:1",B_classify_then_decide
M1_IF_OBS_DIR_SEQ_ZERO_HOLD_S,other,ifndef_default,0,984,984,1,2,3,"config/profiles/m1_if_100rpm.profile.h:2,motor/motor_outer_loop.c:1",B_classify_then_decide
M1_IF_OBS_DIR_SEQ_COAST_MIN_S,tune_param,ifndef_default,0,987,987,1,2,3,"config/profiles/m1_if_100rpm.profile.h:2,motor/motor_outer_loop.c:1",B_classify_then_decide
M1_IF_OBS_DIR_SEQ_COAST_MAX_S,tune_param,ifndef_default,0,990,990,1,2,3,"config/profiles/m1_if_100rpm.profile.h:2,motor/motor_outer_loop.c:1",B_classify_then_decide
M1_IF_OBS_DIR_SEQ_EMAG_STOP,other,ifndef_default,0,993,993,1,2,3,"config/profiles/m1_if_100rpm.profile.h:2,motor/motor_outer_loop.c:1",B_classify_then_decide
M1_IF_OBS_DIR_SEQ_REV_HOLD_S,other,ifndef_default,0,996,996,1,2,3,"config/profiles/m1_if_100rpm.profile.h:2,motor/motor_outer_loop.c:1",B_classify_then_decide
M1_IF_OBS_CRUISE_STEP_ENABLE,capability,ifndef_default,0,1004,1004,1,2,12,"motor/motor_outer_loop.c:10,config/profiles/m1_if_100rpm.profile.h:2",keep_macro
M1_IF_OBS_CRUISE_STEP_SOAK_S,experiment,ifndef_default,0,1007,1007,1,2,3,"config/profiles/m1_if_100rpm.profile.h:2,motor/motor_outer_loop.c:1",atrb_or_exp_cfg_or_profile
M1_IF_OBS_CRUISE_STEP_HOLD_S,experiment,ifndef_default,0,1010,1010,1,2,3,"config/profiles/m1_if_100rpm.profile.h:2,motor/motor_outer_loop.c:1",atrb_or_exp_cfg_or_profile
M1_IF_OBS_CRUISE_STEP_LO_RPM,experiment,ifndef_default,0,1013,1013,1,2,5,"motor/motor_outer_loop.c:3,config/profiles/m1_if_100rpm.profile.h:2",atrb_or_exp_cfg_or_profile
M1_IF_OBS_CRUISE_STEP_HI_RPM,experiment,ifndef_default,0,1016,1016,1,2,5,"motor/motor_outer_loop.c:3,config/profiles/m1_if_100rpm.profile.h:2",atrb_or_exp_cfg_or_profile
M1_IF_OBS_CRUISE_STEP_RPM,experiment,ifndef_default,0,1019,1019,1,0,0,,atrb_or_exp_cfg_or_profile
M1_IF_OBS_CRUISE_S3_PROBE_ENABLE,capability,ifndef_default,0,1026,1026,1,2,8,"motor/motor_outer_loop.c:6,config/profiles/m1_if_100rpm.profile.h:2",keep_macro
M1_IF_OBS_CRUISE_S3_PROBE_SOAK_S,experiment,ifndef_default,0,1029,1029,1,2,3,"config/profiles/m1_if_100rpm.profile.h:2,motor/motor_outer_loop.c:1",atrb_or_exp_cfg_or_profile
M1_IF_OBS_CRUISE_S3_PROBE_HOLD_S,experiment,ifndef_default,0,1032,1032,1,2,3,"config/profiles/m1_if_100rpm.profile.h:2,motor/motor_outer_loop.c:1",atrb_or_exp_cfg_or_profile
M1_IF_OBS_CRUISE_PI_KP,experiment,ifndef_default,0,1035,1035,1,2,3,"config/profiles/m1_if_100rpm.profile.h:2,motor/motor_outer_loop.c:1",atrb_or_exp_cfg_or_profile
M1_IF_OBS_CRUISE_PI_KI,experiment,ifndef_default,0,1038,1038,1,2,3,"config/profiles/m1_if_100rpm.profile.h:2,motor/motor_outer_loop.c:1",atrb_or_exp_cfg_or_profile
M1_IF_OBS_CRUISE_IQ_ABS_MAX,experiment,ifndef_default,0,1041,1041,1,2,6,"motor/motor_outer_loop.c:4,config/profiles/m1_if_100rpm.profile.h:2",atrb_or_exp_cfg_or_profile
M1_IF_OBS_CRUISE_LOCK_STAGE1_ENABLE,capability,ifndef_default,0,1048,1048,1,2,3,"config/profiles/m1_if_100rpm.profile.h:2,motor/motor_outer_loop.c:1",keep_macro
M1_IF_OBS_CRUISE_LOCK_STAGE2_ENABLE,capability,ifndef_default,0,1054,1054,1,2,3,"config/profiles/m1_if_100rpm.profile.h:2,motor/motor_outer_loop.c:1",keep_macro
M1_IF_OBS_CRUISE_LOCK_STAGE3_ENABLE,capability,ifndef_default,0,1060,1060,1,2,3,"config/profiles/m1_if_100rpm.profile.h:2,motor/motor_outer_loop.c:1",keep_macro
M1_IF_OBS_CRUISE_GATE_ENABLE,capability,ifndef_default,0,1066,1066,1,2,5,"motor/motor_outer_loop.c:3,config/profiles/m1_if_100rpm.profile.h:2",keep_macro
M1_IF_OBS_CRUISE_GATE_T_MIN_S,experiment,ifndef_default,0,1069,1069,1,2,3,"config/profiles/m1_if_100rpm.profile.h:2,motor/motor_outer_loop.c:1",atrb_or_exp_cfg_or_profile
M1_IF_OBS_CRUISE_GATE_T_MIN2_S,experiment,ifndef_default,0,1073,1073,1,2,3,"config/profiles/m1_if_100rpm.profile.h:2,motor/motor_outer_loop.c:1",atrb_or_exp_cfg_or_profile
M1_IF_OBS_CRUISE_GATE_HOLD_S,experiment,ifndef_default,0,1076,1076,1,2,5,"motor/motor_outer_loop.c:3,config/profiles/m1_if_100rpm.profile.h:2",atrb_or_exp_cfg_or_profile
M1_IF_OBS_CRUISE_GATE_ERR_RPM,experiment,ifndef_default,0,1079,1079,1,2,3,"config/profiles/m1_if_100rpm.profile.h:2,motor/motor_outer_loop.c:1",atrb_or_exp_cfg_or_profile
M1_IF_OBS_CRUISE_GATE_DOMEGA_MAX,experiment,ifndef_default,0,1082,1082,1,2,3,"config/profiles/m1_if_100rpm.profile.h:2,motor/motor_outer_loop.c:1",atrb_or_exp_cfg_or_profile
M1_IF_OBS_CRUISE_GATE_DOMEGA_WIN_S,experiment,ifndef_default,0,1085,1085,1,2,3,"config/profiles/m1_if_100rpm.profile.h:2,motor/motor_outer_loop.c:1",atrb_or_exp_cfg_or_profile
M1_IF_OBS_CRUISE_GATE_EW_LPF_HZ,experiment,ifndef_default,0,1089,1089,1,2,3,"config/profiles/m1_if_100rpm.profile.h:2,motor/motor_outer_loop.c:1",atrb_or_exp_cfg_or_profile
M1_IF_OBS_CRUISE_GATE_FAIL_LEAK,experiment,ifndef_default,0,1096,1096,1,2,3,"config/profiles/m1_if_100rpm.profile.h:2,motor/motor_outer_loop.c:1",atrb_or_exp_cfg_or_profile
M1_IF_OBS_CRUISE_AMP_GATE_ENABLE,capability,ifndef_default,0,1103,1103,1,2,4,"motor/motor_outer_loop.c:2,config/profiles/m1_if_100rpm.profile.h:2",keep_macro
M1_IF_OBS_CRUISE_AMP_STD_MAX,experiment,ifndef_default,0,1106,1106,1,2,3,"config/profiles/m1_if_100rpm.profile.h:2,motor/motor_outer_loop.c:1",atrb_or_exp_cfg_or_profile
M1_IF_OBS_CRUISE_AMP_PTP_MAX,experiment,ifndef_default,0,1109,1109,1,2,3,"config/profiles/m1_if_100rpm.profile.h:2,motor/motor_outer_loop.c:1",atrb_or_exp_cfg_or_profile
M1_IF_OBS_CRUISE_AMP_EW_MAX,experiment,ifndef_default,0,1112,1112,1,2,3,"config/profiles/m1_if_100rpm.profile.h:2,motor/motor_outer_loop.c:1",atrb_or_exp_cfg_or_profile
M1_IF_OBS_CRUISE_AMP_EMA_HZ,experiment,ifndef_default,0,1115,1115,1,2,3,"config/profiles/m1_if_100rpm.profile.h:2,motor/motor_outer_loop.c:1",atrb_or_exp_cfg_or_profile
M1_IF_OBS_CRUISE_IQ_MIN_SLEW_A_S,experiment,ifndef_default,0,1119,1119,1,2,3,"config/profiles/m1_if_100rpm.profile.h:2,motor/motor_outer_loop.c:1",atrb_or_exp_cfg_or_profile
M1_IF_OBS_CRUISE_DRIVE_IQ_A,experiment,ifndef_default,0,1123,1123,1,2,7,"motor/motor_outer_loop.c:5,config/profiles/m1_if_100rpm.profile.h:2",atrb_or_exp_cfg_or_profile
M1_IF_OBS_CRUISE_STAGE2_REGEN_IQ_A,experiment,ifndef_default,0,1126,1126,1,2,3,"config/profiles/m1_if_100rpm.profile.h:2,motor/motor_outer_loop.c:1",atrb_or_exp_cfg_or_profile
M1_IF_OBS_CRUISE_STAGE3_REGEN_IQ_A,experiment,ifndef_default,0,1129,1129,1,2,3,"config/profiles/m1_if_100rpm.profile.h:2,motor/motor_outer_loop.c:1",atrb_or_exp_cfg_or_profile
M1_IF_OBS_CRUISE_STAGE2_IQ_MIN_A,experiment,ifndef_default,0,1133,1133,1,0,0,,atrb_or_exp_cfg_or_profile
M1_IF_OBS_CRUISE_STAGE2_IQ_MAX_A,experiment,ifndef_default,0,1136,1136,1,0,0,,atrb_or_exp_cfg_or_profile
M1_IF_OBS_CRUISE_STAGE3_IQ_MIN_A,experiment,ifndef_default,0,1139,1139,1,0,0,,atrb_or_exp_cfg_or_profile
M1_IF_OBS_CRUISE_STAGE3_IQ_MAX_A,experiment,ifndef_default,0,1142,1142,1,0,0,,atrb_or_exp_cfg_or_profile
M1_IF_OBS_DAMP_ENABLE,capability,ifndef_default,0,1151,1151,1,2,5,"motor/motor_outer_loop.c:3,config/profiles/m1_if_100rpm.profile.h:2",keep_macro
M1_IF_OBS_DAMP_HP_ENABLE,capability,ifndef_default,0,1154,1154,1,2,3,"config/profiles/m1_if_100rpm.profile.h:2,motor/motor_outer_loop.c:1",keep_macro
M1_IF_OBS_DAMP_BD,other,ifndef_default,0,1157,1157,1,2,4,"motor/motor_outer_loop.c:2,config/profiles/m1_if_100rpm.profile.h:2",B_classify_then_decide
M1_IF_OBS_DAMP_LPF_HZ,tune_param,ifndef_default,0,1160,1160,1,2,3,"config/profiles/m1_if_100rpm.profile.h:2,motor/motor_outer_loop.c:1",B_classify_then_decide
M1_IF_HANDOFF_IQ_A,experiment,ifndef_default,0,1164,1164,1,2,5,"motor/motor_current.c:3,config/profiles/m1_if_100rpm.profile.h:2",atrb_or_exp_cfg_or_profile
M1_VOFA_IF_12CH,experiment,ifndef_default,0,1167,1167,1,3,7,"debug/app_uart_dma_debug.c:3,config/profiles/m1_hfi_standstill.profile.h:2,config/profiles/m1_if_100rpm.profile.h:2",atrb_or_exp_cfg_or_profile
M1_ID_LOCK_CAL_SWEEP,experiment,mixed,0,1202,2090,13,17,38,"motor/motor_foc_loop.c:7,motor/deadband/deadband_cal.c:5,motor/deadband/deadband_flow.c:4,debug/app_uart_dma_debug.c:4,motor/telem_lut_dump.c:3",atrb_or_exp_cfg_or_profile
M1_IDENT_ENABLE,capability,mixed,0,1203,3079,13,16,38,"motor/motor_current.c:8,motor/motor_foc_loop.c:5,motor/deadband/deadband_flow.c:5,motor/ident/ident_flow.c:3,motor/ident/ident_module.c:3",keep_macro
M1_ID_CAL_MULTI_ANGLE_ENABLE,capability,mixed,0,1204,2651,10,1,10,motor/deadband/deadband_id_cal.c:10,keep_macro
M1_ID_CAL_PASS0_ONLY_ENABLE,capability,mixed,0,1205,2214,10,1,2,motor/deadband/deadband_id_cal.c:2,keep_macro
M1_ID_CAL_LUT_VERIFY_SWEEP,experiment,mixed,0,1206,2206,10,2,7,"motor/deadband/deadband_id_cal.c:6,motor/deadband/deadband_cal.c:1",atrb_or_exp_cfg_or_profile
M1_ID_CAL_IQ_PROBE_ENABLE,capability,mixed,0,1207,2246,10,1,7,motor/deadband/deadband_id_cal.c:7,keep_macro
M1_DEADBAND_LUT_BAKED_ENABLE,capability,mixed,0,1210,2012,9,11,15,"motor/deadband/deadband_service.c:3,motor/deadband/deadband_id_cal.c:2,motor/ident/ident_flow.c:2,config/profiles/m1_bode_id_fc1000.profile.h:1,config/profiles/m1_flux_id_1000rpm.profile.h:1",keep_macro
M1_DEADBAND_ENABLE,capability,undef_force,1,1211,2749,10,10,11,"motor/deadband/deadband_service.c:2,motor/motor_open_sweep.c:1,config/profiles/m1_bode_id_fc1000.profile.h:1,config/profiles/m1_flux_id_1000rpm.profile.h:1,config/profiles/m1_hfi_standstill.profile.h:1",keep_macro
M1_DEADBAND_GEO_TWO_CLUSTER_ENABLE,capability,undef_force,1,1215,2833,7,3,14,"motor/deadband/deadband_cal.c:9,motor/deadband/deadband.c:4,motor/deadband/deadband_lut_baked_m1.c:1",keep_macro
M1_DEADBAND_NVM_ON_BOOT,capability,undef_force,1,1216,1806,5,9,10,"motor/deadband/deadband_service.c:2,motor/deadband/deadband_id_cal.c:1,config/profiles/m1_flux_id_1000rpm.profile.h:1,config/profiles/m1_hfi_standstill.profile.h:1,config/profiles/m1_if_100rpm.profile.h:1",keep_macro
M1_DEADBAND_LUT_RUNTIME_SCALE,tune_param,mixed,0,1218,2813,7,2,2,"motor/deadband/deadband.c:1,motor/deadband/deadband_cal.c:1",B_classify_then_decide
M1_ID_CAL_DUAL_ANGLE_ENABLE,capability,mixed,0,1250,2621,7,5,19,"motor/deadband/deadband_id_cal.c:14,motor/motor_foc_loop.c:2,motor/motor_current.c:1,motor/deadband/deadband_cal.c:1,motor/deadband/deadband_id_cal.h:1",keep_macro
M1_ID_CAL_FIX_THETA_ENABLE,capability,mixed,0,1251,2728,8,5,19,"motor/deadband/deadband_id_cal.c:11,motor/motor_foc_loop.c:3,motor/motor_current.c:2,motor/deadband/deadband_id_cal.h:2,motor/deadband/deadband_cal.c:1",keep_macro
M1_ID_CAL_ALIGN_ENABLE,capability,mixed,0,1252,2607,8,11,19,"motor/deadband/deadband_id_cal.c:8,motor/motor_foc_loop.c:2,motor/motor_current.c:1,motor/deadband/deadband_id_cal.h:1,config/profiles/m1_flux_id_1000rpm.profile.h:1",keep_macro
M1_ID_CAL_COMMIT_LUT,experiment,mixed,0,1253,2198,8,9,23,"motor/deadband/deadband_id_cal.c:13,motor/deadband/deadband_cal.c:3,config/profiles/m1_flux_id_1000rpm.profile.h:1,config/profiles/m1_hfi_standstill.profile.h:1,config/profiles/m1_if_100rpm.profile.h:1",atrb_or_exp_cfg_or_profile
M1_RS_IDENT_ENABLE,capability,mixed,0,1256,2275,7,13,26,"motor/deadband/deadband_id_cal.c:10,motor/telem_ident_dump.c:3,motor/ident/rs_ident.c:2,motor/ident/rs_ident.h:2,motor/deadband/deadband_id_cal.h:1",keep_macro
M1_RS_IDENT_USE_FIXED_NOMINAL,other,undef_force,1,1258,2279,3,1,4,motor/deadband/deadband_id_cal.c:4,B_classify_then_decide
M1_LD_LQ_IDENT_ENABLE,capability,mixed,0,1259,2323,7,17,44,"motor/deadband/deadband_id_cal.c:16,motor/deadband/deadband_flow.c:5,motor/telem_ident_dump.c:3,motor/motor_current.c:2,motor/motor_foc_loop.c:2",keep_macro
M1_LD_LQ_IDENT_ABORT_ON_THETA_DRIFT,other,undef_force,1,1261,2439,4,1,1,motor/ident/ld_lq_ident.c:1,B_classify_then_decide
M1_LD_LQ_MULTI_ANGLE_ENABLE,capability,undef_force,1,1263,2500,4,5,21,"motor/deadband/deadband_id_cal.c:12,motor/ident/ld_lq_ident.c:5,debug/app_uart_dma_debug.c:2,motor/deadband/deadband_id_cal.h:1,motor/ident/ld_lq_ident.h:1",keep_macro
M1_LD_LQ_PRE_DECAY_S,other,undef_force,1,1265,2326,4,1,1,motor/deadband/deadband_id_cal.c:1,B_classify_then_decide
M1_LD_LQ_IDENT_OPEN_LOOP_ENABLE,capability,undef_force,1,1267,2343,3,4,14,"motor/ident/ld_lq_ident.c:11,motor/motor_current.c:1,motor/motor_foc_loop.c:1,motor/ident/ld_lq_ident.h:1",keep_macro
M1_LD_LQ_IDENT_BODE_BIAS_GRID_ENABLE,capability,undef_force,1,1269,2347,3,1,2,motor/ident/ld_lq_ident.c:2,keep_macro
M1_LD_LQ_IDENT_FINE_GRID_ENABLE,capability,undef_force,1,1271,2351,3,1,2,motor/ident/ld_lq_ident.c:2,keep_macro
M1_LD_LQ_IDENT_FINE_ONLY,other,undef_force,1,1273,2369,3,1,5,motor/ident/ld_lq_ident.c:5,B_classify_then_decide
M1_LD_LQ_IDENT_F_COARSE_HZ,tune_param,undef_force,1,1276,2382,3,2,4,"motor/ident/ld_lq_ident.c:3,motor/ident/ld_lq_ident.h:1",B_classify_then_decide
M1_LD_LQ_IDENT_F_FINE_HZ,tune_param,undef_force,1,1278,2385,3,2,6,"motor/ident/ld_lq_ident.c:5,motor/ident/ld_lq_ident.h:1",B_classify_then_decide
M1_LD_LQ_IDENT_F2_ENABLE,capability,undef_force,1,1280,2389,4,4,15,"motor/ident/ld_lq_ident.c:8,motor/telem_ident_dump.c:4,motor/telem_ident_dump.h:2,motor/ident/ld_lq_ident.h:1",keep_macro
M1_LD_LQ_IDENT_INJECT_LUT_ENABLE,capability,undef_force,1,1282,2462,3,1,6,motor/ident/ld_lq_ident.c:6,keep_macro
M1_LD_LQ_IDENT_L_NOM_H,tune_param,undef_force,1,1284,2402,2,1,2,motor/ident/ld_lq_ident.c:2,B_classify_then_decide
M1_LD_LQ_IDENT_SETTLE_S,other,undef_force,1,1286,2419,2,1,1,motor/ident/ld_lq_ident.c:1,B_classify_then_decide
M1_LD_LQ_IDENT_CYCLES_PER_AMP,other,undef_force,1,1288,2432,2,1,1,motor/ident/ld_lq_ident.c:1,B_classify_then_decide
M1_VOFA_IDENT_DUMP_ENABLE,capability,undef_force,1,1290,2736,5,11,15,"motor/telem_ident_dump.c:3,motor/deadband/deadband_id_cal.c:3,motor/deadband/deadband_id_cal.h:1,config/profiles/m1_flux_id_1000rpm.profile.h:1,config/profiles/m1_hfi_standstill.profile.h:1",keep_macro
M1_DEADBAND_FLOW_LD_LQ_AFTER_OPEN_UD,other,undef_force,1,1292,2922,2,3,10,"motor/deadband/deadband_flow.c:6,motor/deadband/deadband_id_cal.c:3,motor/deadband/deadband_id_cal.h:1",B_classify_then_decide
M1_ID_CAL_AMP_TABLE_LEN,other,undef_force,1,1294,2122,4,1,12,motor/deadband/deadband_id_cal.c:12,B_classify_then_decide
M1_ID_CAL_I_MAX_A,tune_param,undef_force,1,1296,2132,4,0,0,,B_classify_then_decide
M1_ID_CAL_ID_DWELL_S,other,undef_force,1,1298,2146,5,1,1,motor/deadband/deadband_id_cal.c:1,B_classify_then_decide
M1_ID_CAL_ID_DWELL_LOW_S,other,undef_force,1,1300,2153,5,1,1,motor/deadband/deadband_id_cal.c:1,B_classify_then_decide
M1_ID_CAL_I_REF_ABS_MAX,tune_param,undef_force,1,1302,2110,4,1,8,motor/deadband/deadband_id_cal.c:8,B_classify_then_decide
M1_VOFA_LUT_DUMP_ENABLE,capability,undef_force,1,1307,2732,6,5,12,"motor/deadband/deadband_id_cal.c:4,motor/telem_lut_dump.c:3,motor/deadband/deadband_flow.c:2,config/profiles/m1_bode_id_fc1000.profile.h:2,debug/app_uart_dma_debug.c:1",keep_macro
M1_DEADBAND_I_ZERO_DISABLE,other,undef_force,1,1312,2780,3,3,5,"motor/deadband/deadband.c:2,motor/deadband/deadband_cal.c:2,motor/telem_lut_dump.c:1",B_classify_then_decide
M1_DEADBAND_RUNTIME_GEO_ENABLE,capability,mixed,0,1313,2829,3,1,3,motor/deadband/deadband.c:3,keep_macro
M1_DEADBAND_GEO_MERGE_VAL30_ONLY,other,undef_force,1,1315,2879,3,1,3,motor/deadband/deadband_geo.c:3,B_classify_then_decide
M1_DEADBAND_LUT_COMMIT_NORMALIZE,experiment,undef_force,1,1321,2821,4,1,6,motor/deadband/deadband_cal.c:6,atrb_or_exp_cfg_or_profile
M1_DEADBAND_LUT_APPLY_UD,other,undef_force,1,1323,2785,3,2,2,"motor/deadband/deadband.c:1,motor/deadband/deadband_service.c:1",B_classify_then_decide
M1_DEADBAND_NVM_COMMIT_ENABLE,capability,undef_force,1,1326,1515,3,1,2,motor/deadband/deadband_cal.c:2,keep_macro
M1_OPEN_UQ_PRE_ID_CAL_ENABLE,capability,undef_force,1,1328,2908,6,13,38,"motor/motor_open_sweep.c:8,motor/deadband/deadband_flow.c:7,debug/app_uart_dma_debug.c:3,motor/motor_current.c:2,motor/motor_open_sweep.h:2",keep_macro
M1_OPEN_UD_PRE_ID_CAL_ENABLE,capability,undef_force,1,1330,2911,6,13,42,"motor/motor_open_sweep.c:9,motor/deadband/deadband_flow.c:8,debug/app_uart_dma_debug.c:4,motor/motor_current.c:3,motor/motor_open_sweep.h:2",keep_macro
M1_OPEN_UD_AFTER_ID_CAL,other,undef_force,1,1332,2915,2,2,4,"motor/deadband/deadband_flow.c:3,motor/deadband/deadband_id_cal.c:1",B_classify_then_decide
M1_OPEN_PRE_ID_LADDER_LUT_RUNTIME,experiment,undef_force,1,1334,2963,3,2,2,"motor/motor_open_sweep.c:1,motor/deadband/deadband_flow.c:1",atrb_or_exp_cfg_or_profile
M1_OPEN_PRE_ID_LADDER_AB_ENABLE,capability,undef_force,1,1336,3002,2,2,7,"motor/motor_open_sweep.c:6,motor/deadband/deadband_flow.c:1",keep_macro
M1_OPEN_PRE_ID_LADDER_DWELL_S,experiment,undef_force,1,1338,2993,2,1,1,motor/motor_open_sweep.c:1,atrb_or_exp_cfg_or_profile
M1_VOFA_IDENT_DUTY_12CH,experiment,undef_force,1,1342,2007,3,1,1,debug/app_uart_dma_debug.c:1,atrb_or_exp_cfg_or_profile
M1_IDENT_ID_CAL_BEFORE_STEP,other,mixed,0,1348,3098,3,7,11,"motor/motor_current.c:3,motor/deadband/deadband_service.c:2,motor/ident/ident_flow.c:2,motor/motor_foc_loop.c:1,motor/deadband/deadband_flow.c:1",B_classify_then_decide
M1_ID_CAL_IQ_PROBE_A,experiment,mixed,0,1355,2249,3,2,4,"motor/deadband/deadband_id_cal.c:3,motor/deadband/deadband_cal.c:1",atrb_or_exp_cfg_or_profile
M1_ID_CAL_IQ_PROBE_OFF_S,experiment,mixed,0,1356,2253,4,1,3,motor/deadband/deadband_id_cal.c:3,atrb_or_exp_cfg_or_profile
M1_ID_CAL_IQ_PROBE_FIXED_S,experiment,mixed,0,1357,2257,4,1,3,motor/deadband/deadband_id_cal.c:3,atrb_or_exp_cfg_or_profile
M1_ID_CAL_IQ_PROBE_ID_PI_ENABLE,capability,mixed,0,1358,2263,4,1,1,motor/motor_foc_loop.c:1,keep_macro
M1_DEADBAND_GEO_SAMPLE_MAX,tune_param,undef_force,1,1373,2708,4,1,2,motor/deadband/deadband_cal.c:2,B_classify_then_decide
M1_IDENT_IQ_STEP_ENABLE,capability,mixed,0,1374,3102,3,3,9,"motor/ident/ident_flow.c:4,motor/ident/ident_module.c:4,config/profiles/m1_bode_id_fc1000.profile.h:1",keep_macro
M1_IDENT_IQ_BODE_ENABLE,capability,mixed,0,1375,3105,3,3,16,"motor/ident/ident_module.c:11,motor/ident/ident_flow.c:4,config/profiles/m1_bode_id_fc1000.profile.h:1",keep_macro
M1_IDENT_STEP_BANDS,tune_param,undef_force,1,1378,3173,2,2,6,"motor/ident/ident_flow.c:3,motor/ident/ident_module.c:3",B_classify_then_decide
M1_IDENT_STEP_ROUNDS_PER_PROFILE,other,undef_force,1,1380,3176,2,2,2,"motor/ident/ident_flow.c:1,motor/ident/ident_module.c:1",B_classify_then_decide
M1_IDENT_STEP_ROUNDS,other,undef_force,1,1382,3124,3,2,3,"config/profiles/m1_bode_id_fc1000.profile.h:2,motor/ident/ident_module.c:1",B_classify_then_decide
M1_IDENT_STEP_OFF_ROUNDS,other,undef_force,1,1384,3127,3,2,7,"motor/ident/ident_flow.c:5,config/profiles/m1_bode_id_fc1000.profile.h:2",B_classify_then_decide
M1_IDENT_STEP_FIXED_ROUNDS,other,undef_force,1,1386,3130,3,2,5,"motor/ident/ident_flow.c:3,config/profiles/m1_bode_id_fc1000.profile.h:2",B_classify_then_decide
M1_IDENT_STEP_I0_A,tune_param,undef_force,1,1388,3149,2,2,6,"motor/ident/ident_module.c:5,motor/deadband/deadband_flow.c:1",B_classify_then_decide
M1_IDENT_STEP_I1_A,tune_param,undef_force,1,1390,3152,2,1,1,motor/ident/ident_module.c:1,B_classify_then_decide
M1_IDENT_STEP_I2_A,tune_param,undef_force,1,1392,3155,2,1,1,motor/ident/ident_module.c:1,B_classify_then_decide
M1_IDENT_STEP_I3_A,tune_param,undef_force,1,1394,3158,2,1,1,motor/ident/ident_module.c:1,B_classify_then_decide
M1_IDENT_STEP_I_BASE_HI_A,tune_param,undef_force,1,1396,3161,2,1,4,motor/ident/ident_module.c:4,B_classify_then_decide
M1_IDENT_STEP_I5_A,tune_param,undef_force,1,1398,3164,2,1,1,motor/ident/ident_module.c:1,B_classify_then_decide
M1_IDENT_STEP_I6_A,tune_param,undef_force,1,1400,3167,2,1,1,motor/ident/ident_module.c:1,B_classify_then_decide
M1_IDENT_STEP_I7_A,tune_param,undef_force,1,1402,3170,2,1,1,motor/ident/ident_module.c:1,B_classify_then_decide
M1_IDENT_STEP_DWELL_S,other,undef_force,1,1405,3184,2,1,1,motor/ident/ident_module.c:1,B_classify_then_decide
M1_IDENT_STEP_ZERO_DWELL_S,other,undef_force,1,1407,3187,2,1,1,motor/ident/ident_module.c:1,B_classify_then_decide
M1_IDENT_BODE_BANDS,tune_param,undef_force,1,1410,3225,3,3,5,"motor/ident/ident_flow.c:2,config/profiles/m1_bode_id_fc1000.profile.h:2,motor/ident/ident_module.c:1",B_classify_then_decide
M1_IDENT_BODE_ROUNDS,other,undef_force,1,1412,3267,3,2,3,"config/profiles/m1_bode_id_fc1000.profile.h:2,motor/ident/ident_module.c:1",B_classify_then_decide
M1_IDENT_BODE_OFF_ROUNDS,other,undef_force,1,1414,3270,3,2,3,"config/profiles/m1_bode_id_fc1000.profile.h:2,motor/ident/ident_flow.c:1",B_classify_then_decide
M1_IDENT_BODE_FIXED_ROUNDS,other,undef_force,1,1416,3273,3,2,3,"config/profiles/m1_bode_id_fc1000.profile.h:2,motor/ident/ident_flow.c:1",B_classify_then_decide
M1_IDENT_BODE_I_BIAS_A,tune_param,undef_force,1,1418,3210,3,2,3,"config/profiles/m1_bode_id_fc1000.profile.h:2,motor/ident/ident_module.c:1",B_classify_then_decide
M1_IDENT_BODE_I_AMP_A,tune_param,undef_force,1,1420,3213,3,2,3,"config/profiles/m1_bode_id_fc1000.profile.h:2,motor/ident/ident_module.c:1",B_classify_then_decide
M1_IDENT_BODE_I_BIAS_HI_A,tune_param,undef_force,1,1422,3216,3,2,3,"config/profiles/m1_bode_id_fc1000.profile.h:2,motor/ident/ident_module.c:1",B_classify_then_decide
M1_IDENT_BODE_I_AMP_HI_A,tune_param,undef_force,1,1424,3219,3,2,3,"config/profiles/m1_bode_id_fc1000.profile.h:2,motor/ident/ident_module.c:1",B_classify_then_decide
M1_IDENT_BODE_CYCLES_PER_FREQ,other,undef_force,1,1426,3253,3,2,3,"config/profiles/m1_bode_id_fc1000.profile.h:2,motor/ident/ident_module.c:1",B_classify_then_decide
M1_IDENT_BODE_F0_HZ,tune_param,undef_force,1,1428,3237,3,1,2,config/profiles/m1_bode_id_fc1000.profile.h:2,B_classify_then_decide
M1_IDENT_BODE_F1_HZ,tune_param,undef_force,1,1430,3241,3,1,2,config/profiles/m1_bode_id_fc1000.profile.h:2,B_classify_then_decide
M1_IDENT_BODE_F_RATIO,other,undef_force,1,1432,3244,3,1,2,config/profiles/m1_bode_id_fc1000.profile.h:2,B_classify_then_decide
M1_IDENT_BODE_F_SPLIT_HZ,tune_param,undef_force,1,1434,3247,3,2,3,"config/profiles/m1_bode_id_fc1000.profile.h:2,motor/ident/ident_module.c:1",B_classify_then_decide
M1_IDENT_BODE_F_RATIO_HI,other,undef_force,1,1436,3250,3,1,2,config/profiles/m1_bode_id_fc1000.profile.h:2,B_classify_then_decide
M1_IDENT_FIX_THETA_ENABLE,capability,undef_force,1,1439,3112,3,2,3,"config/profiles/m1_bode_id_fc1000.profile.h:2,motor/motor_current.c:1",keep_macro
M1_IDENT_THETA_EL_RAD,tune_param,undef_force,1,1441,3115,3,2,3,"config/profiles/m1_bode_id_fc1000.profile.h:2,motor/motor_current.c:1",B_classify_then_decide
M1_IDENT_POST_BODE_OPEN_UQ_ENABLE,capability,mixed,0,1459,3083,3,2,5,"motor/deadband/deadband_flow.c:4,config/profiles/m1_bode_id_fc1000.profile.h:1",keep_macro
M1_ID_CAL_PASS0_ANGLE_COUNT,other,undef_force,1,1467,2655,2,1,5,motor/deadband/deadband_id_cal.c:5,B_classify_then_decide
M1_ID_CAL_PASS1_USE_APPLY_DUTY,other,undef_force,1,1475,2233,3,1,1,motor/deadband/deadband_cal.c:1,B_classify_then_decide
M1_ID_CAL_VERIFY_ID_DWELL_S,other,undef_force,1,1485,2157,2,1,2,motor/deadband/deadband_id_cal.c:2,B_classify_then_decide
M1_ID_CAL_PASS0_B_DWELL_S,other,undef_force,1,1488,2640,2,0,0,,B_classify_then_decide
M1_ID_CAL_GEO_U_MIN_V,tune_param,undef_force,1,1507,2884,2,1,2,motor/deadband/deadband_cal.c:2,B_classify_then_decide
M1_DEADBAND_LUT_RUNTIME_SCALE_AUTO,tune_param,ifndef_default,0,1519,1519,1,1,6,motor/deadband/deadband_cal.c:6,B_classify_then_decide
M1_ID_CAL_IQ_PROBE_ONLY_ENABLE,capability,mixed,0,1526,2555,2,3,3,"motor/deadband/deadband_flow.c:1,motor/deadband/deadband_id_cal.c:1,motor/deadband/deadband_id_cal.h:1",keep_macro
M1_ID_CAL_IQ_PROBE_LUT_AFTER_OFF,experiment,mixed,0,1528,2558,2,1,1,motor/deadband/deadband_id_cal.c:1,atrb_or_exp_cfg_or_profile
M1_LD_LQ_IDENT_ANGLE_COUNT,other,undef_force,1,1563,2503,2,2,12,"motor/ident/ld_lq_ident.c:7,motor/deadband/deadband_id_cal.c:5",B_classify_then_decide
M1_LD_LQ_ALIGN_S,other,undef_force,1,1565,2506,2,1,1,motor/deadband/deadband_id_cal.c:1,B_classify_then_decide
M1_RS_IDENT_REPEAT_N,other,undef_force,1,1585,2297,3,1,2,motor/ident/rs_ident.c:2,B_classify_then_decide
M1_RS_L_IDENT_DUAL_LUT_ROUND_ENABLE,capability,undef_force,1,1590,2534,3,2,11,"motor/deadband/deadband_id_cal.c:10,debug/app_uart_dma_debug.c:1",keep_macro
M1_ID_CAL_RS_LD_LQ_ONLY_ENABLE,capability,mixed,0,1596,2544,2,3,6,"motor/deadband/deadband_id_cal.c:4,motor/deadband/deadband_flow.c:1,motor/deadband/deadband_id_cal.h:1",keep_macro
M1_OPEN_PRE_ID_LADDER_FIX_THETA_ENABLE,capability,mixed,0,1659,2975,2,1,1,motor/motor_open_sweep.c:1,keep_macro
M1_SPEED_IDENT_ENABLE,capability,mixed,0,1700,3288,3,17,47,"motor/motor_current.c:18,motor/deadband/deadband_flow.c:6,motor/motor_outer_loop.c:3,motor/speed_ident/speed_ident_flow.c:3,motor/speed_ident/speed_ident_module.c:3",keep_macro
M1_IDENT_BODE_LUT_ENABLE,capability,undef_force,1,1702,3222,2,3,4,"config/profiles/m1_bode_id_fc1000.profile.h:2,motor/ident/ident_flow.c:1,motor/ident/ident_module.c:1",keep_macro
M1_IDENT_BODE_CYCLES_HI,other,undef_force,1,1722,3263,2,2,3,"config/profiles/m1_bode_id_fc1000.profile.h:2,motor/ident/ident_module.c:1",B_classify_then_decide
M1_IDENT_BODE_USE_T_OBS_HI,other,undef_force,1,1732,3257,2,2,3,"config/profiles/m1_bode_id_fc1000.profile.h:2,motor/ident/ident_module.c:1",B_classify_then_decide
M1_IDENT_BODE_T_OBS_HI_S,other,undef_force,1,1734,3260,2,2,3,"config/profiles/m1_bode_id_fc1000.profile.h:2,motor/ident/ident_module.c:1",B_classify_then_decide
M1_IDENT_BODE_AXIS_ID,other,undef_force,1,1738,3205,2,3,5,"motor/ident/ident_module.c:2,config/profiles/m1_bode_id_fc1000.profile.h:2,debug/app_uart_dma_debug.c:1",B_classify_then_decide
M1_IDENT_HOLD_S,other,undef_force,1,1744,3120,2,2,3,"config/profiles/m1_bode_id_fc1000.profile.h:2,motor/ident/ident_module.c:1",B_classify_then_decide
M1_IDENT_OVERRIDE_LIMITS,tune_param,undef_force,1,1746,3192,2,4,6,"motor/motor_foc_loop.c:2,config/profiles/m1_bode_id_fc1000.profile.h:2,motor/deadband/deadband_flow.c:1,motor/deadband/deadband_flow.h:1",B_classify_then_decide
M1_SPEED_IDENT_STEP_ENABLE,capability,mixed,0,1808,3303,2,9,15,"motor/speed_ident/speed_ident_module.c:7,motor/speed_ident/speed_ident_flow.c:1,config/profiles/m1_flux_id_1000rpm.profile.h:1,config/profiles/m1_hfi_standstill.profile.h:1,config/profiles/m1_if_100rpm.profile.h:1",keep_macro
M1_SPEED_IDENT_BODE_ENABLE,capability,mixed,0,1809,3312,2,10,19,"motor/speed_ident/speed_ident_module.c:10,motor/speed_ident/speed_ident_flow.c:1,config/profiles/m1_flux_id_1000rpm.profile.h:1,config/profiles/m1_hfi_standstill.profile.h:1,config/profiles/m1_if_100rpm.profile.h:1",keep_macro
M1_SPEED_IDENT_HOLD_S,other,mixed,0,1810,3319,2,4,5,"motor/speed_ident/speed_ident_module.c:2,config/profiles/m1_flux_id_1000rpm.profile.h:1,config/profiles/m1_obs_veq_1000rpm.profile.h:1,config/profiles/m1_speed_1000rpm.profile.h:1",B_classify_then_decide
M1_SPEED_IDENT_RPM_START,tune_param,ifndef_default,0,1812,3322,2,4,8,"motor/speed_ident/speed_ident_module.c:2,config/profiles/m1_flux_id_1000rpm.profile.h:2,config/profiles/m1_obs_veq_1000rpm.profile.h:2,config/profiles/m1_speed_1000rpm.profile.h:2",B_classify_then_decide
M1_SPEED_IDENT_STEP_ROUNDS,other,mixed,0,1814,3325,2,4,4,"motor/speed_ident/speed_ident_module.c:1,config/profiles/m1_flux_id_1000rpm.profile.h:1,config/profiles/m1_obs_veq_1000rpm.profile.h:1,config/profiles/m1_speed_1000rpm.profile.h:1",B_classify_then_decide
M1_SPEED_IDENT_STEP_RPM0,tune_param,mixed,0,1815,3328,2,4,13,"motor/speed_ident/speed_ident_module.c:10,config/profiles/m1_flux_id_1000rpm.profile.h:1,config/profiles/m1_obs_veq_1000rpm.profile.h:1,config/profiles/m1_speed_1000rpm.profile.h:1",B_classify_then_decide
M1_SPEED_IDENT_STEP_RPM1,tune_param,mixed,0,1816,3331,2,4,5,"motor/speed_ident/speed_ident_module.c:2,config/profiles/m1_flux_id_1000rpm.profile.h:1,config/profiles/m1_obs_veq_1000rpm.profile.h:1,config/profiles/m1_speed_1000rpm.profile.h:1",B_classify_then_decide
M1_SPEED_IDENT_STEP_RPM2,tune_param,mixed,0,1817,3334,2,4,5,"motor/speed_ident/speed_ident_module.c:2,config/profiles/m1_flux_id_1000rpm.profile.h:1,config/profiles/m1_obs_veq_1000rpm.profile.h:1,config/profiles/m1_speed_1000rpm.profile.h:1",B_classify_then_decide
M1_SPEED_IDENT_STEP_RPM3,tune_param,mixed,0,1818,3337,2,4,5,"motor/speed_ident/speed_ident_module.c:2,config/profiles/m1_flux_id_1000rpm.profile.h:1,config/profiles/m1_obs_veq_1000rpm.profile.h:1,config/profiles/m1_speed_1000rpm.profile.h:1",B_classify_then_decide
M1_SPEED_IDENT_STEP_DWELL_S,other,mixed,0,1819,3349,2,4,6,"motor/speed_ident/speed_ident_module.c:3,config/profiles/m1_flux_id_1000rpm.profile.h:1,config/profiles/m1_obs_veq_1000rpm.profile.h:1,config/profiles/m1_speed_1000rpm.profile.h:1",B_classify_then_decide
M1_SPEED_IDENT_STEP_ZERO_DWELL_S,other,mixed,0,1820,3352,2,4,4,"motor/speed_ident/speed_ident_module.c:1,config/profiles/m1_flux_id_1000rpm.profile.h:1,config/profiles/m1_obs_veq_1000rpm.profile.h:1,config/profiles/m1_speed_1000rpm.profile.h:1",B_classify_then_decide
M1_SPEED_IDENT_PLL_SETTLE_S,other,ifndef_default,0,1823,1823,1,4,8,"motor/speed_ident/speed_ident_module.c:2,config/profiles/m1_flux_id_1000rpm.profile.h:2,config/profiles/m1_obs_veq_1000rpm.profile.h:2,config/profiles/m1_speed_1000rpm.profile.h:2",B_classify_then_decide
M1_HFI_ID_PI_OFF_ENABLE,capability,ifndef_default,0,1851,1851,1,1,2,motor/observer/hfi_sqwave.c:2,keep_macro
M1_HFI_ID_PI_SOFT_N,other,ifndef_default,0,1854,1854,1,1,2,motor/observer/hfi_sqwave.c:2,B_classify_then_decide
M1_HFI_VESC_ID_HANDOFF_ENABLE,capability,ifndef_default,0,1857,1857,1,1,2,motor/observer/hfi_sqwave.c:2,keep_macro
M1_HFI_VESC_HANDOFF_N,experiment,ifndef_default,0,1860,1860,1,0,0,,atrb_or_exp_cfg_or_profile
M1_HFI_HFI_ID_SOFT_ENABLE,capability,ifndef_default,0,1863,1863,1,1,2,motor/observer/hfi_sqwave.c:2,keep_macro
M1_HFI_ID_ON_FROM_RUN_ENABLE,capability,ifndef_default,0,1866,1866,1,3,6,"motor/observer/hfi_sqwave.c:2,config/profiles/m1_hfi_standstill.profile.h:2,config/profiles/m1_sensorless_pos_mit.profile.h:2",keep_macro
M1_HFI_ID_PI_LPF_ENABLE,capability,ifndef_default,0,1869,1869,1,1,1,debug/dbg_monitor.h:1,keep_macro
M1_HFI_ID_PI_LPF_A,tune_param,ifndef_default,0,1872,1872,1,0,0,,B_classify_then_decide
M1_HFI_DEMOD_HP_ENABLE,capability,ifndef_default,0,1875,1875,1,3,6,"motor/observer/hfi_sqwave.c:2,config/profiles/m1_hfi_standstill.profile.h:2,config/profiles/m1_sensorless_pos_mit.profile.h:2",keep_macro
M1_HFI_DEMOD_HP_A,tune_param,ifndef_default,0,1878,1878,1,3,8,"motor/observer/hfi_sqwave.c:4,config/profiles/m1_hfi_standstill.profile.h:2,config/profiles/m1_sensorless_pos_mit.profile.h:2",B_classify_then_decide
M1_HFI_DEMOD_SKIP_OUTLIER,other,ifndef_default,0,1881,1881,1,2,4,"config/profiles/m1_hfi_standstill.profile.h:2,config/profiles/m1_sensorless_pos_mit.profile.h:2",B_classify_then_decide
M1_HFI_DEMOD_SKIP_Y_ABS,other,ifndef_default,0,1884,1884,1,0,0,,B_classify_then_decide
M1_HFI_DEMOD_SKIP_X_ABS,other,ifndef_default,0,1887,1887,1,0,0,,B_classify_then_decide
M1_HFI_DEMOD_SKIP_DI_Q_ABS,other,ifndef_default,0,1890,1890,1,0,0,,B_classify_then_decide
M1_HFI_PLL_VESC_ERR_ENABLE,capability,ifndef_default,0,1893,1893,1,3,7,"motor/observer/hfi_sqwave.c:3,config/profiles/m1_hfi_standstill.profile.h:2,config/profiles/m1_sensorless_pos_mit.profile.h:2",keep_macro
M1_HFI_PLL_VESC_MAX_ERR,tune_param,ifndef_default,0,1896,1896,1,3,7,"motor/observer/hfi_sqwave.c:3,config/profiles/m1_hfi_standstill.profile.h:2,config/profiles/m1_sensorless_pos_mit.profile.h:2",B_classify_then_decide
M1_HFI_PLL_VESC_ERR_SIGN,other,ifndef_default,0,1899,1899,1,3,7,"motor/observer/hfi_sqwave.c:3,config/profiles/m1_hfi_standstill.profile.h:2,config/profiles/m1_sensorless_pos_mit.profile.h:2",B_classify_then_decide
M1_HFI_LQ_WELL_FLIP_ENABLE,capability,ifndef_default,0,1902,1902,1,1,2,motor/observer/hfi_sqwave.c:2,keep_macro
M1_HFI_LQ_WELL_X_MAX,tune_param,ifndef_default,0,1905,1905,1,1,2,motor/observer/hfi_sqwave.c:2,B_classify_then_decide
M1_HFI_LQ_WELL_Y_ABS,other,ifndef_default,0,1908,1908,1,1,2,motor/observer/hfi_sqwave.c:2,B_classify_then_decide
M1_HFI_LQ_WELL_HOLD_N,other,ifndef_default,0,1911,1911,1,1,2,motor/observer/hfi_sqwave.c:2,B_classify_then_decide
M1_HFI_LQ_WELL_IQ_MIN,tune_param,ifndef_default,0,1914,1914,1,1,2,motor/observer/hfi_sqwave.c:2,B_classify_then_decide
M1_HFI_LQ_WELL_KEEP_W,other,ifndef_default,0,1917,1917,1,1,2,motor/observer/hfi_sqwave.c:2,B_classify_then_decide
M1_HFI_DEMOD_AB_ENABLE,capability,ifndef_default,0,1920,1920,1,1,4,motor/observer/hfi_sqwave.c:4,keep_macro
M1_HFI_DEMOD_AB_MID_ENABLE,capability,ifndef_default,0,1923,1923,1,1,4,motor/observer/hfi_sqwave.c:4,keep_macro
M1_HFI_INJECT_AB_ENABLE,capability,ifndef_default,0,1926,1926,1,1,2,motor/observer/hfi_sqwave.c:2,keep_macro
M1_HFI_INJECT_POST_LOOP,other,ifndef_default,0,1929,1929,1,3,6,"motor/observer/hfi_sqwave.c:2,config/profiles/m1_hfi_standstill.profile.h:2,config/profiles/m1_sensorless_pos_mit.profile.h:2",B_classify_then_decide
M1_HFI_DEMOD_INJ_AXIS,other,ifndef_default,0,1932,1932,1,3,12,"motor/observer/hfi_sqwave.c:8,config/profiles/m1_hfi_standstill.profile.h:2,config/profiles/m1_sensorless_pos_mit.profile.h:2",B_classify_then_decide
M1_HFI_SMO_SUB_VH_ENABLE,capability,ifndef_default,0,1935,1935,1,2,4,"config/profiles/m1_hfi_standstill.profile.h:2,config/profiles/m1_sensorless_pos_mit.profile.h:2",keep_macro
M1_HFI_ROTATE_PI_ENABLE,capability,ifndef_default,0,1938,1938,1,0,0,,keep_macro
M1_HFI_QKICK_FORCE_PI,other,ifndef_default,0,1941,1941,1,1,3,motor/observer/hfi_sqwave.c:3,B_classify_then_decide
M1_HFI_QKICK_PRE_GATE_ENABLE,capability,ifndef_default,0,1944,1944,1,0,0,,keep_macro
M1_HFI_IQ_AUTH_ENABLE,capability,ifndef_default,0,1947,1947,1,4,9,"motor/observer/hfi_sqwave.c:4,config/profiles/m1_hfi_standstill.profile.h:2,config/profiles/m1_sensorless_pos_mit.profile.h:2,motor/motor_current.c:1",keep_macro
M1_HFI_IQ_AUTH_CLEAR_N,other,ifndef_default,0,1950,1950,1,2,5,"motor/observer/hfi_sqwave.c:3,config/profiles/m1_hfi_standstill.profile.h:2",B_classify_then_decide
M1_HFI_IQ_AUTH_FEED_ENABLE,capability,ifndef_default,0,1953,1953,1,3,10,"motor/observer/hfi_sqwave.c:6,config/profiles/m1_hfi_standstill.profile.h:2,config/profiles/m1_sensorless_pos_mit.profile.h:2",keep_macro
M1_HFI_IQ_AUTH_FEED_A,tune_param,ifndef_default,0,1956,1956,1,1,2,motor/observer/hfi_sqwave.c:2,B_classify_then_decide
M1_HFI_IQ_AUTH_FEED_HOLD,other,ifndef_default,0,1959,1959,1,1,2,motor/observer/hfi_sqwave.c:2,B_classify_then_decide
M1_HFI_IQ_AUTH_FEED_LEGACY_BRANCH,other,ifndef_default,0,1962,1962,1,1,2,motor/observer/hfi_sqwave.c:2,B_classify_then_decide
M1_BRINGUP_MODE_NAME,profile_select,bare,0,2017,2061,19,0,0,,keep_bringup_active
M1_ID_CAL_OVERRIDE_LIMITS,tune_param,ifndef_default,0,2100,2100,1,0,0,,B_classify_then_decide
M1_ID_CAL_PI_V_LIMIT_V,experiment,bare,0,2108,2111,2,1,4,motor/motor_foc_loop.c:4,atrb_or_exp_cfg_or_profile
M1_ID_CAL_PI_V_LIMIT_MIN,experiment,bare,0,2114,2114,1,1,4,motor/motor_foc_loop.c:4,atrb_or_exp_cfg_or_profile
M1_ID_CAL_PI_INT_LIMIT_V,experiment,bare,0,2115,2115,1,1,4,motor/motor_foc_loop.c:4,atrb_or_exp_cfg_or_profile
M1_ID_CAL_PI_INT_LIMIT_MIN,experiment,bare,0,2116,2116,1,1,4,motor/motor_foc_loop.c:4,atrb_or_exp_cfg_or_profile
M1_ID_CAL_IQ_REF_A,tune_param,bare,0,2118,2118,1,2,7,"motor/deadband/deadband_id_cal.c:5,motor/deadband/deadband_flow.c:2",B_classify_then_decide
M1_ID_CAL_I_MIN_A,tune_param,bare,0,2119,2119,1,1,2,motor/deadband/deadband_cal.c:2,B_classify_then_decide
M1_ID_CAL_LOW_I_DENSE_END_A,tune_param,ifndef_default,0,2126,2126,1,0,0,,B_classify_then_decide
M1_ID_CAL_LOW_I_STEP_A,tune_param,ifndef_default,0,2129,2129,1,0,0,,B_classify_then_decide
M1_ID_CAL_VERIFY_I_MAX_A,tune_param,ifndef_default,0,2139,2139,1,0,0,,B_classify_then_decide
M1_ID_CAL_VERIFY_EXT_LEN,other,ifndef_default,0,2142,2142,1,1,5,motor/deadband/deadband_id_cal.c:5,B_classify_then_decide
M1_ID_CAL_VERIFY_AMP_TABLE_LEN,other,bare,0,2144,2144,1,1,1,motor/deadband/deadband_id_cal.c:1,B_classify_then_decide
M1_ID_CAL_ID_DWELL_LOW_ID_A,tune_param,ifndef_default,0,2150,2150,1,1,1,motor/deadband/deadband_id_cal.c:1,B_classify_then_decide
M1_ID_CAL_INIT_HOLD_S,other,bare,0,2160,2160,1,1,1,motor/deadband/deadband_id_cal.c:1,B_classify_then_decide
M1_ID_CAL_PASS0_DECAY_S,other,ifndef_default,0,2165,2165,1,1,2,motor/deadband/deadband_id_cal.c:2,B_classify_then_decide
M1_ID_CAL_VERIFY_INIT_HOLD_S,other,ifndef_default,0,2169,2169,1,1,1,motor/deadband/deadband_id_cal.c:1,B_classify_then_decide
M1_ID_CAL_CAPTURE_EPS_A,tune_param,ifndef_default,0,2174,2174,1,2,8,"motor/deadband/deadband_geo.c:5,motor/deadband/deadband_cal.c:3",B_classify_then_decide
M1_ID_CAL_OUTLIER_V,other,ifndef_default,0,2179,2179,1,1,3,motor/deadband/deadband_cal.c:3,B_classify_then_decide
M1_ID_CAL_LUT_DEDUP_ENABLE,capability,ifndef_default,0,2187,2187,1,1,5,motor/deadband/deadband_cal.c:5,keep_macro
M1_ID_CAL_LUT_DEDUP_AMP_EPS_A,tune_param,ifndef_default,0,2190,2190,1,2,5,"motor/deadband/deadband_geo.c:4,motor/deadband/deadband_cal.c:1",B_classify_then_decide
M1_ID_CAL_IQ_PROBE_DEADBAND_LUT,experiment,ifndef_default,0,2267,2267,1,0,0,,atrb_or_exp_cfg_or_profile
M1_RS_IDENT_I_MAX_A,tune_param,ifndef_default,0,2285,2285,1,1,2,motor/ident/rs_ident.c:2,B_classify_then_decide
M1_RS_IDENT_RAMP_A_PER_S,other,ifndef_default,0,2288,2288,1,1,1,motor/ident/rs_ident.c:1,B_classify_then_decide
M1_RS_IDENT_I_MIN_FIT_A,tune_param,ifndef_default,0,2291,2291,1,1,1,motor/ident/rs_ident.c:1,B_classify_then_decide
M1_RS_IDENT_EPS_TRACK_A,tune_param,ifndef_default,0,2294,2294,1,1,1,motor/ident/rs_ident.c:1,B_classify_then_decide
M1_RS_IDENT_INTER_ROUND_S,other,ifndef_default,0,2300,2300,1,1,1,motor/ident/rs_ident.c:1,B_classify_then_decide
M1_RS_IDENT_MIN_SAMPLES,tune_param,ifndef_default,0,2303,2303,1,1,1,motor/ident/rs_ident.c:1,B_classify_then_decide
M1_LD_LQ_IDENT_BIAS_RAMP_S,other,ifndef_default,0,2330,2330,1,1,1,motor/ident/ld_lq_ident.c:1,B_classify_then_decide
M1_LD_LQ_OPEN_SEQ_VASI_BASE,other,ifndef_default,0,2333,2333,1,1,1,motor/deadband/deadband_id_cal.c:1,B_classify_then_decide
M1_LD_LQ_OPEN_SEQ_VASI_STRIDE,other,ifndef_default,0,2336,2336,1,1,1,motor/deadband/deadband_id_cal.c:1,B_classify_then_decide
M1_LD_LQ_OPEN_SEQ_PRE_DECAY,other,ifndef_default,0,2339,2339,1,1,1,motor/deadband/deadband_id_cal.c:1,B_classify_then_decide
M1_LD_LQ_ID_BIAS_N,other,undef_force,1,2358,2376,3,2,4,"motor/ident/ld_lq_ident.h:3,motor/ident/ld_lq_ident.c:1",B_classify_then_decide
M1_LD_LQ_IQ_BIAS_N,other,undef_force,1,2360,2379,3,2,6,"motor/ident/ld_lq_ident.c:3,motor/ident/ld_lq_ident.h:3",B_classify_then_decide
M1_LD_LQ_IDENT_F_F2_HZ,tune_param,ifndef_default,0,2393,2393,1,2,3,"motor/ident/ld_lq_ident.c:2,motor/ident/ld_lq_ident.h:1",B_classify_then_decide
M1_LD_LQ_IDENT_F_HZ,tune_param,ifndef_default,0,2398,2398,1,0,0,,B_classify_then_decide
M1_LD_LQ_IDENT_DI_TARGET_A,tune_param,ifndef_default,0,2406,2406,1,1,1,motor/ident/ld_lq_ident.c:1,B_classify_then_decide
M1_LD_LQ_IDENT_I_RIPPLE_MARGIN_A,tune_param,ifndef_default,0,2410,2410,1,1,1,motor/ident/ld_lq_ident.c:1,B_classify_then_decide
M1_LD_LQ_IDENT_U_INJ_MIN_V,tune_param,ifndef_default,0,2413,2413,1,1,3,motor/ident/ld_lq_ident.c:3,B_classify_then_decide
M1_LD_LQ_IDENT_U_INJ_MAX_V,tune_param,ifndef_default,0,2416,2416,1,1,1,motor/ident/ld_lq_ident.c:1,B_classify_then_decide
M1_LD_LQ_IDENT_V_FRAC_MIN,tune_param,ifndef_default,0,2423,2423,1,0,0,,B_classify_then_decide
M1_LD_LQ_IDENT_V_FRAC_MAX,tune_param,ifndef_default,0,2426,2426,1,0,0,,B_classify_then_decide
M1_LD_LQ_IDENT_AMP_STEPS,other,ifndef_default,0,2429,2429,1,1,5,motor/ident/ld_lq_ident.c:5,B_classify_then_decide
M1_LD_LQ_IDENT_THETA_DRIFT_MECH_DEG,other,ifndef_default,0,2435,2435,1,1,2,motor/ident/ld_lq_ident.c:2,B_classify_then_decide
M1_LD_LQ_IDENT_L_MIN_H,tune_param,ifndef_default,0,2442,2442,1,1,1,motor/ident/ld_lq_ident.c:1,B_classify_then_decide
M1_LD_LQ_IDENT_EPS_TRACK_A,tune_param,ifndef_default,0,2445,2445,1,1,2,motor/ident/ld_lq_ident.c:2,B_classify_then_decide
M1_LD_LQ_IDENT_ZERO_BIAS_SUM_A,tune_param,ifndef_default,0,2448,2448,1,1,1,motor/ident/ld_lq_ident.c:1,B_classify_then_decide
M1_LD_LQ_IDENT_SETTLE_MAX_S,tune_param,ifndef_default,0,2451,2451,1,1,1,motor/ident/ld_lq_ident.c:1,B_classify_then_decide
M1_LD_LQ_IDENT_MIN_DI_A,tune_param,ifndef_default,0,2454,2454,1,1,1,motor/ident/ld_lq_ident.c:1,B_classify_then_decide
M1_LD_LQ_IDENT_PSI_USE_U_AC,other,ifndef_default,0,2458,2458,1,1,1,motor/ident/ld_lq_ident.c:1,B_classify_then_decide
M1_DEADBAND_FLOW_ENABLE,capability,ifndef_default,0,2473,2473,1,2,4,"motor/motor_current.c:2,motor/deadband/deadband_flow.c:2",keep_macro
M1_LD_LQ_IDENT_U_SYM_RATIO_MIN,tune_param,ifndef_default,0,2479,2479,1,1,1,motor/ident/ld_lq_ident.c:1,B_classify_then_decide
M1_LD_LQ_IDENT_U_SYM_MIN_DV_V,tune_param,ifndef_default,0,2483,2483,1,1,4,motor/ident/ld_lq_ident.c:4,B_classify_then_decide
M1_LD_LQ_IDENT_FINE_V_INJ_MAX_V,tune_param,ifndef_default,0,2487,2487,1,1,1,motor/ident/ld_lq_ident.c:1,B_classify_then_decide
M1_LD_LQ_IDENT_L_MAX_H,tune_param,ifndef_default,0,2490,2490,1,1,1,motor/ident/ld_lq_ident.c:1,B_classify_then_decide
M1_LD_LQ_IDENT_MIN_LD_OK,tune_param,ifndef_default,0,2493,2493,1,1,3,motor/ident/ld_lq_ident.c:3,B_classify_then_decide
M1_LD_LQ_IDENT_MIN_LQ_OK,tune_param,ifndef_default,0,2496,2496,1,1,3,motor/ident/ld_lq_ident.c:3,B_classify_then_decide
M1_LD_LQ_THETA0_EL_RAD,tune_param,ifndef_default,0,2510,2510,1,1,2,motor/deadband/deadband_id_cal.c:2,B_classify_then_decide
M1_LD_LQ_THETA1_EL_RAD,tune_param,ifndef_default,0,2513,2513,1,1,2,motor/deadband/deadband_id_cal.c:2,B_classify_then_decide
M1_LD_LQ_THETA2_EL_RAD,tune_param,ifndef_default,0,2516,2516,1,1,2,motor/deadband/deadband_id_cal.c:2,B_classify_then_decide
M1_RS_L_IDENT_LUT_ROUND_OPEN_SEQ_OFFSET,other,ifndef_default,0,2537,2537,1,1,1,motor/deadband/deadband_id_cal.c:1,B_classify_then_decide
M1_ID_CAL_THETA_EL_RAD,tune_param,ifndef_default,0,2595,2838,2,5,8,"motor/deadband/deadband_geo.c:4,motor/motor_foc_loop.c:1,motor/deadband/deadband_cal.c:1,motor/deadband/deadband_id_cal.c:1,config/profiles/m1_bode_id_fc1000.profile.h:1",B_classify_then_decide
M1_ID_CAL_D_TO_PHASE_COS,other,ifndef_default,0,2599,2599,1,3,8,"motor/deadband/deadband.c:3,motor/deadband/deadband_cal.c:3,motor/deadband/deadband_geo.c:2",B_classify_then_decide
M1_ID_CAL_ALIGN_UD_V,other,ifndef_default,0,2610,2610,1,3,6,"motor/motor_current.c:3,motor/motor_foc_loop.c:2,motor/deadband/deadband_id_cal.c:1",B_classify_then_decide
M1_ID_CAL_ALIGN_S,other,ifndef_default,0,2613,2613,1,1,2,motor/deadband/deadband_id_cal.c:2,B_classify_then_decide
M1_ID_CAL_THETA_PASS0_A_RAD,tune_param,ifndef_default,0,2624,2841,2,2,11,"motor/deadband/deadband_id_cal.c:6,motor/deadband/deadband_geo.c:5",B_classify_then_decide
M1_ID_CAL_THETA_PASS0_B_RAD,tune_param,ifndef_default,0,2627,2844,2,3,4,"motor/deadband/deadband_id_cal.c:2,motor/deadband/deadband_cal.c:1,motor/deadband/deadband_geo.c:1",B_classify_then_decide
M1_ID_CAL_ALIGN_B_UD_V,other,ifndef_default,0,2630,2630,1,1,1,motor/deadband/deadband_id_cal.c:1,B_classify_then_decide
M1_ID_CAL_ALIGN_B_S,other,ifndef_default,0,2633,2633,1,1,1,motor/deadband/deadband_id_cal.c:1,B_classify_then_decide
M1_ID_CAL_THETA_PASS0_0_RAD,tune_param,ifndef_default,0,2658,2658,1,1,1,motor/deadband/deadband_id_cal.c:1,B_classify_then_decide
M1_ID_CAL_THETA_PASS0_150_RAD,tune_param,ifndef_default,0,2661,2661,1,1,1,motor/deadband/deadband_id_cal.c:1,B_classify_then_decide
M1_ID_CAL_THETA_PASS0_270_RAD,tune_param,ifndef_default,0,2664,2664,1,1,1,motor/deadband/deadband_id_cal.c:1,B_classify_then_decide
M1_ID_CAL_THETA_PASS0_60_RAD,tune_param,ifndef_default,0,2667,2667,1,1,1,motor/deadband/deadband_id_cal.c:1,B_classify_then_decide
M1_ID_CAL_THETA_PASS0_90_RAD,tune_param,ifndef_default,0,2670,2670,1,1,1,motor/deadband/deadband_id_cal.c:1,B_classify_then_decide
M1_ID_CAL_THETA_PASS0_120_RAD,tune_param,ifndef_default,0,2673,2673,1,1,1,motor/deadband/deadband_id_cal.c:1,B_classify_then_decide
M1_ID_CAL_PASS0_DECAY_ENABLE,capability,bare,0,2697,2699,2,1,3,motor/deadband/deadband_id_cal.c:3,keep_macro
M1_DEADTIME_NS,nameplate,bare,0,2753,2753,1,0,0,,A_motor_cfg
M1_PWM_PERIOD_S,board_hw,bare,0,2756,2756,1,1,1,platform/pwm_port.h:1,board_desc_or_keep_macro
M1_PWM_ARR_COUNTS,board_hw,ifndef_default,0,2763,2763,1,2,9,"board/board_axis_ports.c:8,cal/phase_detect.c:1",board_desc_or_keep_macro
M1_DEADBAND_V_COMP_V,other,bare,0,2767,2767,1,2,2,"motor/deadband/deadband.c:1,motor/deadband/deadband_cal.c:1",B_classify_then_decide
M1_DEADBAND_DUTY_COMP,other,bare,0,2770,2770,1,1,1,motor/deadband/deadband.c:1,B_classify_then_decide
M1_DEADBAND_I_ZERO_A,tune_param,bare,0,2773,2773,1,2,3,"motor/deadband/deadband_cal.c:2,motor/deadband/deadband.c:1",B_classify_then_decide
M1_DEADBAND_LUT_ZERO_SEQ_ENABLE,capability,ifndef_default,0,2793,2793,1,1,2,motor/deadband/deadband.c:2,keep_macro
M1_DEADBAND_LUT_APPLY_MIN_ENABLE,capability,ifndef_default,0,2802,2802,1,2,4,"motor/deadband/deadband.c:3,motor/telem_lut_dump.c:1",keep_macro
M1_DEADBAND_LUT_APPLY_MIN_A,tune_param,ifndef_default,0,2805,2805,1,2,4,"motor/deadband/deadband.c:3,motor/telem_lut_dump.c:1",B_classify_then_decide
M1_ID_CAL_THETA_MATCH_RAD,tune_param,ifndef_default,0,2847,2847,1,2,5,"motor/deadband/deadband_geo.c:4,motor/deadband/deadband_cal.c:1",B_classify_then_decide
M1_DEADBAND_LUT_LOW_FLAT_ENABLE,capability,ifndef_default,0,2860,2860,1,3,11,"motor/deadband/deadband.c:6,motor/deadband/deadband_cal.c:3,motor/telem_lut_dump.c:2",keep_macro
M1_DEADBAND_LUT_LOW_FLAT_ID_A,tune_param,ifndef_default,0,2863,2863,1,2,3,"motor/deadband/deadband.c:2,motor/deadband/deadband_cal.c:1",B_classify_then_decide
M1_DEADBAND_GEO_BUILD_ENABLE,capability,ifndef_default,0,2871,2871,1,2,4,"motor/telem_lut_dump.c:2,motor/deadband/deadband_cal.c:2",keep_macro
M1_DEADBAND_GEO_TRIPLET_ENABLE,capability,ifndef_default,0,2892,2892,1,1,1,motor/deadband/deadband_cal.c:1,keep_macro
M1_DEADBAND_GEO_DIFF_LOG_ENABLE,capability,ifndef_default,0,2897,2897,1,3,17,"motor/deadband/deadband_geo.c:7,motor/deadband/deadband_cal.c:6,motor/deadband/deadband_geo.h:4",keep_macro
M1_OPEN_PRE_ID_LADDER_ALIGN_ENABLE,capability,ifndef_default,0,2972,2972,1,2,4,"motor/motor_open_sweep.c:3,motor/motor_current.c:1",keep_macro
M1_OPEN_PRE_ID_LADDER_THETA_EL_RAD,experiment,ifndef_default,0,2978,2978,1,2,2,"motor/motor_current.c:1,motor/motor_open_sweep.h:1",atrb_or_exp_cfg_or_profile
M1_OPEN_PRE_ID_LADDER_ALIGN_UD_V,experiment,ifndef_default,0,2981,2981,1,1,1,motor/motor_current.c:1,atrb_or_exp_cfg_or_profile
M1_OPEN_PRE_ID_LADDER_ALIGN_S,experiment,ifndef_default,0,2984,2984,1,1,1,motor/motor_open_sweep.c:1,atrb_or_exp_cfg_or_profile
M1_OPEN_PRE_ID_LADDER_V4,experiment,ifndef_default,0,2987,2987,1,1,1,motor/motor_open_sweep.c:1,atrb_or_exp_cfg_or_profile
M1_OPEN_PRE_ID_LADDER_N,experiment,ifndef_default,0,2990,2990,1,1,2,motor/motor_open_sweep.c:2,atrb_or_exp_cfg_or_profile
M1_OPEN_PRE_ID_LADDER_ALIGN_PHASE,experiment,bare,0,2998,2998,1,2,3,"motor/motor_open_sweep.c:2,debug/app_uart_dma_debug.c:1",atrb_or_exp_cfg_or_profile
M1_OPEN_PRE_ID_LADDER_PHASE_BASE,experiment,bare,0,2999,2999,1,1,1,motor/motor_open_sweep.c:1,atrb_or_exp_cfg_or_profile
M1_OPEN_PRE_ID_LADDER_DONE_PHASE,experiment,bare,0,3000,3000,1,2,2,"motor/motor_open_sweep.c:1,debug/app_uart_dma_debug.c:1",atrb_or_exp_cfg_or_profile
M1_OPEN_PRE_ID_LADDER_PHASE_ON_BASE,experiment,bare,0,3007,3007,1,1,2,motor/motor_open_sweep.c:2,atrb_or_exp_cfg_or_profile
M1_OPEN_PRE_ID_LADDER_DONE_ON_PHASE,experiment,bare,0,3008,3008,1,1,1,motor/motor_open_sweep.c:1,atrb_or_exp_cfg_or_profile
M1_OPEN_UQ_LADDER_ALIGN_ENABLE,capability,bare,0,3010,3010,1,0,0,,keep_macro
M1_OPEN_UQ_LADDER_FIX_THETA_ENABLE,capability,bare,0,3011,3011,1,0,0,,keep_macro
M1_OPEN_UQ_LADDER_THETA_EL_RAD,experiment,bare,0,3012,3012,1,0,0,,atrb_or_exp_cfg_or_profile
M1_OPEN_UQ_LADDER_ALIGN_UD_V,experiment,bare,0,3013,3013,1,0,0,,atrb_or_exp_cfg_or_profile
M1_OPEN_UQ_LADDER_ALIGN_S,experiment,bare,0,3014,3014,1,0,0,,atrb_or_exp_cfg_or_profile
M1_OPEN_UQ_LADDER_ALIGN_PHASE,experiment,bare,0,3015,3015,1,0,0,,atrb_or_exp_cfg_or_profile
M1_OPEN_UQ_LADDER_DWELL_S,experiment,bare,0,3016,3016,1,0,0,,atrb_or_exp_cfg_or_profile
M1_OPEN_UQ_LADDER_PHASE_BASE,experiment,bare,0,3017,3017,1,0,0,,atrb_or_exp_cfg_or_profile
M1_OPEN_UQ_LADDER_DONE_PHASE,experiment,bare,0,3018,3018,1,0,0,,atrb_or_exp_cfg_or_profile
M1_OPEN_UQ_DEADBAND_AB_SWEEP,experiment,ifndef_default,0,3036,3036,1,2,5,"motor/motor_open_sweep.c:4,motor/deadband/deadband_service.c:1",atrb_or_exp_cfg_or_profile
M1_OPEN_UQ_HALF_STEP_S,other,bare,0,3040,3040,1,1,1,motor/motor_open_sweep.c:1,B_classify_then_decide
M1_OPEN_UQ_SWEEP_STEP_S,experiment,bare,0,3042,3042,1,1,1,motor/motor_open_sweep.c:1,atrb_or_exp_cfg_or_profile
M1_OPEN_UQ_SWEEP_V0,experiment,bare,0,3043,3043,1,1,4,motor/motor_open_sweep.c:4,atrb_or_exp_cfg_or_profile
M1_OPEN_UQ_SWEEP_V1,experiment,bare,0,3044,3044,1,1,2,motor/motor_open_sweep.c:2,atrb_or_exp_cfg_or_profile
M1_OPEN_UQ_SWEEP_V2,experiment,bare,0,3045,3045,1,1,2,motor/motor_open_sweep.c:2,atrb_or_exp_cfg_or_profile
M1_OPEN_UQ_RUN_V,other,bare,0,3048,3048,1,0,0,,B_classify_then_decide
M1_ADC_RANK_SWAP_IAIC,board_hw,ifndef_default,0,3056,3056,1,1,2,Core/Src/main.c:2,board_desc_or_keep_macro
M1_CURRENT_RECON_ENABLE,capability,ifndef_default,0,3061,3061,1,1,2,motor/motor_current.c:2,keep_macro
M1_CURRENT_RECON_MIN_A,tune_param,ifndef_default,0,3066,3066,1,1,3,motor/motor_current.c:3,B_classify_then_decide
M1_IDENT_POST_BODE_OPEN_UQ_V,other,ifndef_default,0,3086,3086,1,1,1,motor/deadband/deadband_flow.c:1,B_classify_then_decide
M1_IDENT_POST_BODE_OPEN_UQ_S,other,ifndef_default,0,3089,3089,1,1,1,motor/deadband/deadband_flow.c:1,B_classify_then_decide
M1_IDENT_STEP_LUT_AFTER_OFF,other,ifndef_default,0,3134,3134,1,1,1,motor/ident/ident_flow.c:1,B_classify_then_decide
M1_IDENT_PI_V_LIMIT_V,experiment,bare,0,3195,3197,2,1,4,motor/motor_foc_loop.c:4,atrb_or_exp_cfg_or_profile
M1_IDENT_PI_V_LIMIT_MIN,experiment,bare,0,3199,3199,1,1,4,motor/motor_foc_loop.c:4,atrb_or_exp_cfg_or_profile
M1_IDENT_PI_INT_LIMIT_V,experiment,bare,0,3200,3200,1,1,4,motor/motor_foc_loop.c:4,atrb_or_exp_cfg_or_profile
M1_IDENT_PI_INT_LIMIT_MIN,experiment,bare,0,3201,3201,1,1,4,motor/motor_foc_loop.c:4,atrb_or_exp_cfg_or_profile
M1_SPEED_IDENT_STEP_LADDER_ENABLE,capability,ifndef_default,0,3306,3306,1,3,9,"motor/speed_ident/speed_ident_module.c:5,config/profiles/m1_obs_veq_1000rpm.profile.h:2,config/profiles/m1_speed_1000rpm.profile.h:2",keep_macro
M1_SPEED_IDENT_OBS_FLOOR_PROBE,experiment,ifndef_default,0,3309,3309,1,2,8,"motor/speed_ident/speed_ident_module.c:6,config/profiles/m1_speed_1000rpm.profile.h:2",atrb_or_exp_cfg_or_profile
M1_SPEED_IDENT_STEP_RPM4,tune_param,ifndef_default,0,3340,3340,1,3,3,"motor/speed_ident/speed_ident_module.c:1,config/profiles/m1_obs_veq_1000rpm.profile.h:1,config/profiles/m1_speed_1000rpm.profile.h:1",B_classify_then_decide
M1_SPEED_IDENT_STEP_RPM5,tune_param,ifndef_default,0,3343,3343,1,3,3,"motor/speed_ident/speed_ident_module.c:1,config/profiles/m1_obs_veq_1000rpm.profile.h:1,config/profiles/m1_speed_1000rpm.profile.h:1",B_classify_then_decide
M1_SPEED_IDENT_STEP_RPM6,tune_param,ifndef_default,0,3346,3346,1,3,3,"motor/speed_ident/speed_ident_module.c:1,config/profiles/m1_obs_veq_1000rpm.profile.h:1,config/profiles/m1_speed_1000rpm.profile.h:1",B_classify_then_decide
M1_SPEED_IDENT_BODE_RPM_BIAS,tune_param,ifndef_default,0,3355,3355,1,1,1,motor/speed_ident/speed_ident_module.c:1,B_classify_then_decide
M1_SPEED_IDENT_BODE_RPM_AMP,tune_param,ifndef_default,0,3358,3358,1,1,1,motor/speed_ident/speed_ident_module.c:1,B_classify_then_decide
M1_SPEED_IDENT_BODE_CYCLES_PER_FREQ,other,ifndef_default,0,3361,3361,1,1,1,motor/speed_ident/speed_ident_module.c:1,B_classify_then_decide
M1_IF_OBS_SPEED_IQ_SIGN,other,undef_force,1,3372,3372,1,0,0,,B_classify_then_decide
M1_IF_OBS_SPEED_IQ_BOOT_A,tune_param,undef_force,1,3374,3374,1,2,2,"motor/motor_current.c:1,motor/motor_outer_loop.c:1",B_classify_then_decide
M1_IF_OBS_HANDOFF_IQ_BOOT_A,experiment,undef_force,1,3376,3376,1,1,1,motor/motor_current.c:1,atrb_or_exp_cfg_or_profile
